sku,title,photo_group,photo_order,photo_count,source_file,hosted_file
PKM-002,Sylveon Ex [Prize Pack] #86 - Pokemon Surging Sparks Card,1,1,4,1_IMG_5612.HEIC,i/002-01.jpg
PKM-002,Sylveon Ex [Prize Pack] #86 - Pokemon Surging Sparks Card,1,2,4,1_IMG_5613.HEIC,i/002-02.jpg
PKM-002,Sylveon Ex [Prize Pack] #86 - Pokemon Surging Sparks Card,1,3,4,1_IMG_5614.HEIC,i/002-03.jpg
PKM-002,Sylveon Ex [Prize Pack] #86 - Pokemon Surging Sparks Card,1,4,4,1_IMG_5616.HEIC,i/002-04.jpg
PKM-003,Pichu #31 - Pokemon Japanese SoulSilver Collection Card,2,1,4,2_IMG_5617.HEIC,i/003-01.jpg
PKM-003,Pichu #31 - Pokemon Japanese SoulSilver Collection Card,2,2,4,2_IMG_5618.HEIC,i/003-02.jpg
PKM-003,Pichu #31 - Pokemon Japanese SoulSilver Collection Card,2,3,4,2_IMG_5619.HEIC,i/003-03.jpg
PKM-003,Pichu #31 - Pokemon Japanese SoulSilver Collection Card,2,4,4,2_IMG_5620.HEIC,i/003-04.jpg
PKM-004,Piplup [Cosmos Holo] #93 - Pokemon Diamond & Pearl Card,3,1,5,3_IMG_5621.HEIC,i/004-01.jpg
PKM-004,Piplup [Cosmos Holo] #93 - Pokemon Diamond & Pearl Card,3,2,5,3_IMG_5622.HEIC,i/004-02.jpg
PKM-004,Piplup [Cosmos Holo] #93 - Pokemon Diamond & Pearl Card,3,3,5,3_IMG_5623.HEIC,i/004-03.jpg
PKM-004,Piplup [Cosmos Holo] #93 - Pokemon Diamond & Pearl Card,3,4,5,3_IMG_5624.HEIC,i/004-04.jpg
PKM-004,Piplup [Cosmos Holo] #93 - Pokemon Diamond & Pearl Card,3,5,5,3_IMG_5625.HEIC,i/004-05.jpg
PKM-005,Rotom ex #126 - Pokemon Phantasmal Flames Card,4,1,4,4_IMG_5626.HEIC,i/005-01.jpg
PKM-005,Rotom ex #126 - Pokemon Phantasmal Flames Card,4,2,4,4_IMG_5627.HEIC,i/005-02.jpg
PKM-005,Rotom ex #126 - Pokemon Phantasmal Flames Card,4,3,4,4_IMG_5628.HEIC,i/005-03.jpg
PKM-005,Rotom ex #126 - Pokemon Phantasmal Flames Card,4,4,4,4_IMG_5629.HEIC,i/005-04.jpg
PKM-006,Pidgeotto #88 - Pokemon Expedition Card,5,1,5,5_IMG_5630.HEIC,i/006-01.jpg
PKM-006,Pidgeotto #88 - Pokemon Expedition Card,5,2,5,5_IMG_5631.HEIC,i/006-02.jpg
PKM-006,Pidgeotto #88 - Pokemon Expedition Card,5,3,5,5_IMG_5632.HEIC,i/006-03.jpg
PKM-006,Pidgeotto #88 - Pokemon Expedition Card,5,4,5,5_IMG_5633.HEIC,i/006-04.jpg
PKM-006,Pidgeotto #88 - Pokemon Expedition Card,5,5,5,5_IMG_5634.HEIC,i/006-05.jpg
PKM-007,Sealeo [Reverse Holo] #37 - Pokemon Power Keepers Card,6,1,5,6_IMG_5635.HEIC,i/007-01.jpg
PKM-007,Sealeo [Reverse Holo] #37 - Pokemon Power Keepers Card,6,2,5,6_IMG_5636.HEIC,i/007-02.jpg
PKM-007,Sealeo [Reverse Holo] #37 - Pokemon Power Keepers Card,6,3,5,6_IMG_5637.HEIC,i/007-03.jpg
PKM-007,Sealeo [Reverse Holo] #37 - Pokemon Power Keepers Card,6,4,5,6_IMG_5638.HEIC,i/007-04.jpg
PKM-007,Sealeo [Reverse Holo] #37 - Pokemon Power Keepers Card,6,5,5,6_IMG_5639.HEIC,i/007-05.jpg
PKM-009,Misty's Psyduck #54 - Pokemon Gym Heroes Card,7,1,5,7_IMG_5640.HEIC,i/009-01.jpg
PKM-009,Misty's Psyduck #54 - Pokemon Gym Heroes Card,7,2,5,7_IMG_5641.HEIC,i/009-02.jpg
PKM-009,Misty's Psyduck #54 - Pokemon Gym Heroes Card,7,3,5,7_IMG_5642.HEIC,i/009-03.jpg
PKM-009,Misty's Psyduck #54 - Pokemon Gym Heroes Card,7,4,5,7_IMG_5643.HEIC,i/009-04.jpg
PKM-009,Misty's Psyduck #54 - Pokemon Gym Heroes Card,7,5,5,7_IMG_5644.HEIC,i/009-05.jpg
PKM-013,Sylveon V #74 - Pokemon Evolving Skies Card,8,1,4,8_IMG_5645.HEIC,i/013-01.jpg
PKM-013,Sylveon V #74 - Pokemon Evolving Skies Card,8,2,4,8_IMG_5646.HEIC,i/013-02.jpg
PKM-013,Sylveon V #74 - Pokemon Evolving Skies Card,8,3,4,8_IMG_5647.HEIC,i/013-03.jpg
PKM-013,Sylveon V #74 - Pokemon Evolving Skies Card,8,4,4,8_IMG_5648.HEIC,i/013-04.jpg
PKM-015,Vileplume #69 - Pokemon Expedition Card,9,1,6,9_IMG_5649.HEIC,i/015-01.jpg
PKM-015,Vileplume #69 - Pokemon Expedition Card,9,2,6,9_IMG_5650.HEIC,i/015-02.jpg
PKM-015,Vileplume #69 - Pokemon Expedition Card,9,3,6,9_IMG_5651.HEIC,i/015-03.jpg
PKM-015,Vileplume #69 - Pokemon Expedition Card,9,4,6,9_IMG_5652.HEIC,i/015-04.jpg
PKM-015,Vileplume #69 - Pokemon Expedition Card,9,5,6,9_IMG_5653.HEIC,i/015-05.jpg
PKM-015,Vileplume #69 - Pokemon Expedition Card,9,6,6,9_IMG_5654.HEIC,i/015-06.jpg
PKM-017,Azumarill [Reverse Holo] #18 - Pokemon Diamond & Pearl Card,10,1,5,10_IMG_5655.HEIC,i/017-01.jpg
PKM-017,Azumarill [Reverse Holo] #18 - Pokemon Diamond & Pearl Card,10,2,5,10_IMG_5656.HEIC,i/017-02.jpg
PKM-017,Azumarill [Reverse Holo] #18 - Pokemon Diamond & Pearl Card,10,3,5,10_IMG_5657.HEIC,i/017-03.jpg
PKM-017,Azumarill [Reverse Holo] #18 - Pokemon Diamond & Pearl Card,10,4,5,10_IMG_5658.HEIC,i/017-04.jpg
PKM-017,Azumarill [Reverse Holo] #18 - Pokemon Diamond & Pearl Card,10,5,5,10_IMG_5659.HEIC,i/017-05.jpg
PKM-018,Lillie's Clefairy Ex [Prize Pack Series 7] #56 - Pokemon Journey Together Card,11,1,4,11_IMG_5660.HEIC,i/018-01.jpg
PKM-018,Lillie's Clefairy Ex [Prize Pack Series 7] #56 - Pokemon Journey Together Card,11,2,4,11_IMG_5661.HEIC,i/018-02.jpg
PKM-018,Lillie's Clefairy Ex [Prize Pack Series 7] #56 - Pokemon Journey Together Card,11,3,4,11_IMG_5662.HEIC,i/018-03.jpg
PKM-018,Lillie's Clefairy Ex [Prize Pack Series 7] #56 - Pokemon Journey Together Card,11,4,4,11_IMG_5663.HEIC,i/018-04.jpg
PKM-022,Prinplup [Reverse Holo] #58 - Pokemon Diamond & Pearl Card,12,1,5,IMG_5664.HEIC,i/022-01.jpg
PKM-022,Prinplup [Reverse Holo] #58 - Pokemon Diamond & Pearl Card,12,2,5,IMG_5665.HEIC,i/022-02.jpg
PKM-022,Prinplup [Reverse Holo] #58 - Pokemon Diamond & Pearl Card,12,3,5,IMG_5666.HEIC,i/022-03.jpg
PKM-022,Prinplup [Reverse Holo] #58 - Pokemon Diamond & Pearl Card,12,4,5,IMG_5667.HEIC,i/022-04.jpg
PKM-022,Prinplup [Reverse Holo] #58 - Pokemon Diamond & Pearl Card,12,5,5,IMG_5669.HEIC,i/022-05.jpg
PKM-027,Manaphy #4 - Pokemon Manaphy & Lucario Card,13,1,5,IMG_5670.HEIC,i/027-01.jpg
PKM-027,Manaphy #4 - Pokemon Manaphy & Lucario Card,13,2,5,IMG_5671.HEIC,i/027-02.jpg
PKM-027,Manaphy #4 - Pokemon Manaphy & Lucario Card,13,3,5,IMG_5672.HEIC,i/027-03.jpg
PKM-027,Manaphy #4 - Pokemon Manaphy & Lucario Card,13,4,5,IMG_5673.HEIC,i/027-04.jpg
PKM-027,Manaphy #4 - Pokemon Manaphy & Lucario Card,13,5,5,IMG_5674.HEIC,i/027-05.jpg
PKM-036,Rayquaza V #110 - Pokemon Evolving Skies Card,14,1,5,IMG_5675.HEIC,i/036-01.jpg
PKM-036,Rayquaza V #110 - Pokemon Evolving Skies Card,14,2,5,IMG_5676.HEIC,i/036-02.jpg
PKM-036,Rayquaza V #110 - Pokemon Evolving Skies Card,14,3,5,IMG_5677.HEIC,i/036-03.jpg
PKM-036,Rayquaza V #110 - Pokemon Evolving Skies Card,14,4,5,IMG_5678.HEIC,i/036-04.jpg
PKM-036,Rayquaza V #110 - Pokemon Evolving Skies Card,14,5,5,IMG_5679.HEIC,i/036-05.jpg
PKM-021,Jynx #31 - Pokemon Neo Revelation Card,15,1,5,IMG_5680.HEIC,i/021-01.jpg
PKM-021,Jynx #31 - Pokemon Neo Revelation Card,15,2,5,IMG_5681.HEIC,i/021-02.jpg
PKM-021,Jynx #31 - Pokemon Neo Revelation Card,15,3,5,IMG_5682.HEIC,i/021-03.jpg
PKM-021,Jynx #31 - Pokemon Neo Revelation Card,15,4,5,IMG_5683.HEIC,i/021-04.jpg
PKM-021,Jynx #31 - Pokemon Neo Revelation Card,15,5,5,IMG_5684.HEIC,i/021-05.jpg
PKM-033,Giovanni's Machoke #42 - Pokemon Gym Challenge Card,16,1,5,IMG_5685.HEIC,i/033-01.jpg
PKM-033,Giovanni's Machoke #42 - Pokemon Gym Challenge Card,16,2,5,IMG_5686.HEIC,i/033-02.jpg
PKM-033,Giovanni's Machoke #42 - Pokemon Gym Challenge Card,16,3,5,IMG_5687.HEIC,i/033-03.jpg
PKM-033,Giovanni's Machoke #42 - Pokemon Gym Challenge Card,16,4,5,IMG_5688.HEIC,i/033-04.jpg
PKM-033,Giovanni's Machoke #42 - Pokemon Gym Challenge Card,16,5,5,IMG_5689.HEIC,i/033-05.jpg
PKM-038,Omanyte #60 - Pokemon Neo Discovery Card,17,1,5,IMG_5690.HEIC,i/038-01.jpg
PKM-038,Omanyte #60 - Pokemon Neo Discovery Card,17,2,5,IMG_5691.HEIC,i/038-02.jpg
PKM-038,Omanyte #60 - Pokemon Neo Discovery Card,17,3,5,IMG_5692.HEIC,i/038-03.jpg
PKM-038,Omanyte #60 - Pokemon Neo Discovery Card,17,4,5,IMG_5694.HEIC,i/038-04.jpg
PKM-038,Omanyte #60 - Pokemon Neo Discovery Card,17,5,5,IMG_5695.HEIC,i/038-05.jpg
PKM-051,Swinub [1st Edition] #79 - Pokemon Neo Genesis Card,18,1,5,IMG_5696.HEIC,i/051-01.jpg
PKM-051,Swinub [1st Edition] #79 - Pokemon Neo Genesis Card,18,2,5,IMG_5697.HEIC,i/051-02.jpg
PKM-051,Swinub [1st Edition] #79 - Pokemon Neo Genesis Card,18,3,5,IMG_5698.HEIC,i/051-03.jpg
PKM-051,Swinub [1st Edition] #79 - Pokemon Neo Genesis Card,18,4,5,IMG_5699.HEIC,i/051-04.jpg
PKM-051,Swinub [1st Edition] #79 - Pokemon Neo Genesis Card,18,5,5,IMG_5700.HEIC,i/051-05.jpg
PKM-025,Blaine's Rhyhorn [1st Edition] #65 - Pokemon Gym Challenge Card,19,1,5,IMG_5701.HEIC,i/025-01.jpg
PKM-025,Blaine's Rhyhorn [1st Edition] #65 - Pokemon Gym Challenge Card,19,2,5,IMG_5702.HEIC,i/025-02.jpg
PKM-025,Blaine's Rhyhorn [1st Edition] #65 - Pokemon Gym Challenge Card,19,3,5,IMG_5703.HEIC,i/025-03.jpg
PKM-025,Blaine's Rhyhorn [1st Edition] #65 - Pokemon Gym Challenge Card,19,4,5,IMG_5704.HEIC,i/025-04.jpg
PKM-025,Blaine's Rhyhorn [1st Edition] #65 - Pokemon Gym Challenge Card,19,5,5,IMG_5705.HEIC,i/025-05.jpg
PKM-032,Brock's Lickitung #41 - Pokemon Gym Heroes Card,20,1,5,IMG_5706.HEIC,i/032-01.jpg
PKM-032,Brock's Lickitung #41 - Pokemon Gym Heroes Card,20,2,5,IMG_5707.HEIC,i/032-02.jpg
PKM-032,Brock's Lickitung #41 - Pokemon Gym Heroes Card,20,3,5,IMG_5708.HEIC,i/032-03.jpg
PKM-032,Brock's Lickitung #41 - Pokemon Gym Heroes Card,20,4,5,IMG_5709.HEIC,i/032-04.jpg
PKM-032,Brock's Lickitung #41 - Pokemon Gym Heroes Card,20,5,5,IMG_5710.HEIC,i/032-05.jpg
PKM-052,Charmander #70 - Pokemon Legendary Collection Card,21,1,5,IMG_5711.HEIC,i/052-01.jpg
PKM-052,Charmander #70 - Pokemon Legendary Collection Card,21,2,5,IMG_5712.HEIC,i/052-02.jpg
PKM-052,Charmander #70 - Pokemon Legendary Collection Card,21,3,5,IMG_5713.HEIC,i/052-03.jpg
PKM-052,Charmander #70 - Pokemon Legendary Collection Card,21,4,5,IMG_5714.HEIC,i/052-04.jpg
PKM-052,Charmander #70 - Pokemon Legendary Collection Card,21,5,5,IMG_5715.HEIC,i/052-05.jpg
PKM-040,Dark Persian #42 - Pokemon Team Rocket Card,22,1,5,IMG_5716.HEIC,i/040-01.jpg
PKM-040,Dark Persian #42 - Pokemon Team Rocket Card,22,2,5,IMG_5717.HEIC,i/040-02.jpg
PKM-040,Dark Persian #42 - Pokemon Team Rocket Card,22,3,5,IMG_5718.HEIC,i/040-03.jpg
PKM-040,Dark Persian #42 - Pokemon Team Rocket Card,22,4,5,IMG_5719.HEIC,i/040-04.jpg
PKM-040,Dark Persian #42 - Pokemon Team Rocket Card,22,5,5,IMG_5720.HEIC,i/040-05.jpg
PKM-014,Dark Dragonair #33 - Pokemon Team Rocket Card,23,1,5,IMG_5721.HEIC,i/014-01.jpg
PKM-014,Dark Dragonair #33 - Pokemon Team Rocket Card,23,2,5,IMG_5722.HEIC,i/014-02.jpg
PKM-014,Dark Dragonair #33 - Pokemon Team Rocket Card,23,3,5,IMG_5723.HEIC,i/014-03.jpg
PKM-014,Dark Dragonair #33 - Pokemon Team Rocket Card,23,4,5,IMG_5724.HEIC,i/014-04.jpg
PKM-014,Dark Dragonair #33 - Pokemon Team Rocket Card,23,5,5,IMG_5725.HEIC,i/014-05.jpg
PKM-023,Weezing [1999-2000] #45 - Pokemon Fossil Card,24,1,5,IMG_5726.HEIC,i/023-01.jpg
PKM-023,Weezing [1999-2000] #45 - Pokemon Fossil Card,24,2,5,IMG_5727.HEIC,i/023-02.jpg
PKM-023,Weezing [1999-2000] #45 - Pokemon Fossil Card,24,3,5,IMG_5728.HEIC,i/023-03.jpg
PKM-023,Weezing [1999-2000] #45 - Pokemon Fossil Card,24,4,5,IMG_5729.HEIC,i/023-04.jpg
PKM-023,Weezing [1999-2000] #45 - Pokemon Fossil Card,24,5,5,IMG_5730.HEIC,i/023-05.jpg
PKM-050,Charmander #69 - Pokemon Base Set 2 Card,25,1,5,IMG_5731.HEIC,i/050-01.jpg
PKM-050,Charmander #69 - Pokemon Base Set 2 Card,25,2,5,IMG_5732.HEIC,i/050-02.jpg
PKM-050,Charmander #69 - Pokemon Base Set 2 Card,25,3,5,IMG_5733.HEIC,i/050-03.jpg
PKM-050,Charmander #69 - Pokemon Base Set 2 Card,25,4,5,IMG_5734.HEIC,i/050-04.jpg
PKM-050,Charmander #69 - Pokemon Base Set 2 Card,25,5,5,IMG_5735.HEIC,i/050-05.jpg
PKM-024,Onix [1st Edition] #69 - Pokemon Neo Genesis Card,26,1,5,IMG_5736.HEIC,i/024-01.jpg
PKM-024,Onix [1st Edition] #69 - Pokemon Neo Genesis Card,26,2,5,IMG_5737.HEIC,i/024-02.jpg
PKM-024,Onix [1st Edition] #69 - Pokemon Neo Genesis Card,26,3,5,IMG_5738.HEIC,i/024-03.jpg
PKM-024,Onix [1st Edition] #69 - Pokemon Neo Genesis Card,26,4,5,IMG_5739.HEIC,i/024-04.jpg
PKM-024,Onix [1st Edition] #69 - Pokemon Neo Genesis Card,26,5,5,IMG_5740.HEIC,i/024-05.jpg
PKM-045,Cloyster [1999-2000] #32 - Pokemon Fossil Card,27,1,5,IMG_5741.HEIC,i/045-01.jpg
PKM-045,Cloyster [1999-2000] #32 - Pokemon Fossil Card,27,2,5,IMG_5742.HEIC,i/045-02.jpg
PKM-045,Cloyster [1999-2000] #32 - Pokemon Fossil Card,27,3,5,IMG_5743.HEIC,i/045-03.jpg
PKM-045,Cloyster [1999-2000] #32 - Pokemon Fossil Card,27,4,5,IMG_5744.HEIC,i/045-04.jpg
PKM-045,Cloyster [1999-2000] #32 - Pokemon Fossil Card,27,5,5,IMG_5745.HEIC,i/045-05.jpg
PKM-008,Rhydon #35 - Pokemon Legendary Collection Card,28,1,5,IMG_5746.HEIC,i/008-01.jpg
PKM-008,Rhydon #35 - Pokemon Legendary Collection Card,28,2,5,IMG_5747.HEIC,i/008-02.jpg
PKM-008,Rhydon #35 - Pokemon Legendary Collection Card,28,3,5,IMG_5748.HEIC,i/008-03.jpg
PKM-008,Rhydon #35 - Pokemon Legendary Collection Card,28,4,5,IMG_5749.HEIC,i/008-04.jpg
PKM-008,Rhydon #35 - Pokemon Legendary Collection Card,28,5,5,IMG_5750.HEIC,i/008-05.jpg
PKM-030,Shellos East Sea [Reverse Holo] #106 - Pokemon Secret Wonders Card,29,1,5,IMG_5751.HEIC,i/030-01.jpg
PKM-030,Shellos East Sea [Reverse Holo] #106 - Pokemon Secret Wonders Card,29,2,5,IMG_5752.HEIC,i/030-02.jpg
PKM-030,Shellos East Sea [Reverse Holo] #106 - Pokemon Secret Wonders Card,29,3,5,IMG_5753.HEIC,i/030-03.jpg
PKM-030,Shellos East Sea [Reverse Holo] #106 - Pokemon Secret Wonders Card,29,4,5,IMG_5754.HEIC,i/030-04.jpg
PKM-030,Shellos East Sea [Reverse Holo] #106 - Pokemon Secret Wonders Card,29,5,5,IMG_5755.HEIC,i/030-05.jpg
PKM-039,Magmar #36 - Pokemon Base Set Card,30,1,5,IMG_5756.HEIC,i/039-01.jpg
PKM-039,Magmar #36 - Pokemon Base Set Card,30,2,5,IMG_5757.HEIC,i/039-02.jpg
PKM-039,Magmar #36 - Pokemon Base Set Card,30,3,5,IMG_5758.HEIC,i/039-03.jpg
PKM-039,Magmar #36 - Pokemon Base Set Card,30,4,5,IMG_5759.HEIC,i/039-04.jpg
PKM-039,Magmar #36 - Pokemon Base Set Card,30,5,5,IMG_5760.HEIC,i/039-05.jpg
PKM-031,Salamence #19 - Pokemon Dragon Card,31,1,5,IMG_5761.HEIC,i/031-01.jpg
PKM-031,Salamence #19 - Pokemon Dragon Card,31,2,5,IMG_5762.HEIC,i/031-02.jpg
PKM-031,Salamence #19 - Pokemon Dragon Card,31,3,5,IMG_5763.HEIC,i/031-03.jpg
PKM-031,Salamence #19 - Pokemon Dragon Card,31,4,5,IMG_5764.HEIC,i/031-04.jpg
PKM-031,Salamence #19 - Pokemon Dragon Card,31,5,5,IMG_5765.HEIC,i/031-05.jpg
PKM-010,Persian [1st Edition] #42 - Pokemon Jungle Card,32,1,5,IMG_5766.HEIC,i/010-01.jpg
PKM-010,Persian [1st Edition] #42 - Pokemon Jungle Card,32,2,5,IMG_5767.HEIC,i/010-02.jpg
PKM-010,Persian [1st Edition] #42 - Pokemon Jungle Card,32,3,5,IMG_5768.HEIC,i/010-03.jpg
PKM-010,Persian [1st Edition] #42 - Pokemon Jungle Card,32,4,5,IMG_5769.HEIC,i/010-04.jpg
PKM-010,Persian [1st Edition] #42 - Pokemon Jungle Card,32,5,5,IMG_5770.HEIC,i/010-05.jpg
PKM-043,Flygon #15 - Pokemon Dragon Card,33,1,5,IMG_5771.HEIC,i/043-01.jpg
PKM-043,Flygon #15 - Pokemon Dragon Card,33,2,5,IMG_5772.HEIC,i/043-02.jpg
PKM-043,Flygon #15 - Pokemon Dragon Card,33,3,5,IMG_5773.HEIC,i/043-03.jpg
PKM-043,Flygon #15 - Pokemon Dragon Card,33,4,5,IMG_5774.HEIC,i/043-04.jpg
PKM-043,Flygon #15 - Pokemon Dragon Card,33,5,5,IMG_5775.HEIC,i/043-05.jpg
PKM-041,Blaine's Vulpix #66 - Pokemon Gym Challenge Card,34,1,5,IMG_5776.HEIC,i/041-01.jpg
PKM-041,Blaine's Vulpix #66 - Pokemon Gym Challenge Card,34,2,5,IMG_5777.HEIC,i/041-02.jpg
PKM-041,Blaine's Vulpix #66 - Pokemon Gym Challenge Card,34,3,5,IMG_5778.HEIC,i/041-03.jpg
PKM-041,Blaine's Vulpix #66 - Pokemon Gym Challenge Card,34,4,5,IMG_5779.HEIC,i/041-04.jpg
PKM-041,Blaine's Vulpix #66 - Pokemon Gym Challenge Card,34,5,5,IMG_5780.HEIC,i/041-05.jpg
PKM-016,Pikachu #70 - Pokemon Neo Genesis Card,35,1,5,IMG_5781.HEIC,i/016-01.jpg
PKM-016,Pikachu #70 - Pokemon Neo Genesis Card,35,2,5,IMG_5782.HEIC,i/016-02.jpg
PKM-016,Pikachu #70 - Pokemon Neo Genesis Card,35,3,5,IMG_5783.HEIC,i/016-03.jpg
PKM-016,Pikachu #70 - Pokemon Neo Genesis Card,35,4,5,IMG_5784.HEIC,i/016-04.jpg
PKM-016,Pikachu #70 - Pokemon Neo Genesis Card,35,5,5,IMG_5785.HEIC,i/016-05.jpg
PKM-035,Burmy [Reverse Holo] #80 - Pokemon Secret Wonders Card,36,1,5,IMG_5786.HEIC,i/035-01.jpg
PKM-035,Burmy [Reverse Holo] #80 - Pokemon Secret Wonders Card,36,2,5,IMG_5787.HEIC,i/035-02.jpg
PKM-035,Burmy [Reverse Holo] #80 - Pokemon Secret Wonders Card,36,3,5,IMG_5788.HEIC,i/035-03.jpg
PKM-035,Burmy [Reverse Holo] #80 - Pokemon Secret Wonders Card,36,4,5,IMG_5789.HEIC,i/035-04.jpg
PKM-035,Burmy [Reverse Holo] #80 - Pokemon Secret Wonders Card,36,5,5,IMG_5790.HEIC,i/035-05.jpg
PKM-026,Buneary #73 - Pokemon Diamond & Pearl Card,37,1,5,IMG_5791.HEIC,i/026-01.jpg
PKM-026,Buneary #73 - Pokemon Diamond & Pearl Card,37,2,5,IMG_5792.HEIC,i/026-02.jpg
PKM-026,Buneary #73 - Pokemon Diamond & Pearl Card,37,3,5,IMG_5793.HEIC,i/026-03.jpg
PKM-026,Buneary #73 - Pokemon Diamond & Pearl Card,37,4,5,IMG_5794.HEIC,i/026-04.jpg
PKM-026,Buneary #73 - Pokemon Diamond & Pearl Card,37,5,5,IMG_5795.HEIC,i/026-05.jpg
PKM-049,Dodrio #37 - Pokemon Base Set 2 Card,38,1,5,IMG_5796.HEIC,i/049-01.jpg
PKM-049,Dodrio #37 - Pokemon Base Set 2 Card,38,2,5,IMG_5797.HEIC,i/049-02.jpg
PKM-049,Dodrio #37 - Pokemon Base Set 2 Card,38,3,5,IMG_5798.HEIC,i/049-03.jpg
PKM-049,Dodrio #37 - Pokemon Base Set 2 Card,38,4,5,IMG_5799.HEIC,i/049-04.jpg
PKM-049,Dodrio #37 - Pokemon Base Set 2 Card,38,5,5,IMG_5800.HEIC,i/049-05.jpg
PKM-044,Flygon #15 - Pokemon Dragon Card,39,1,5,IMG_5801.HEIC,i/044-01.jpg
PKM-044,Flygon #15 - Pokemon Dragon Card,39,2,5,IMG_5802.HEIC,i/044-02.jpg
PKM-044,Flygon #15 - Pokemon Dragon Card,39,3,5,IMG_5803.HEIC,i/044-03.jpg
PKM-044,Flygon #15 - Pokemon Dragon Card,39,4,5,IMG_5804.HEIC,i/044-04.jpg
PKM-044,Flygon #15 - Pokemon Dragon Card,39,5,5,IMG_5805.HEIC,i/044-05.jpg
PKM-046,Chatot [Reverse Holo] #74 - Pokemon Diamond & Pearl Card,40,1,5,IMG_5806.HEIC,i/046-01.jpg
PKM-046,Chatot [Reverse Holo] #74 - Pokemon Diamond & Pearl Card,40,2,5,IMG_5807.HEIC,i/046-02.jpg
PKM-046,Chatot [Reverse Holo] #74 - Pokemon Diamond & Pearl Card,40,3,5,IMG_5808.HEIC,i/046-03.jpg
PKM-046,Chatot [Reverse Holo] #74 - Pokemon Diamond & Pearl Card,40,4,5,IMG_5809.HEIC,i/046-04.jpg
PKM-046,Chatot [Reverse Holo] #74 - Pokemon Diamond & Pearl Card,40,5,5,IMG_5810.HEIC,i/046-05.jpg
PKM-028,Cacnea #24 - Pokemon Team Magma & Team Aqua Card,41,1,5,IMG_5811.HEIC,i/028-01.jpg
PKM-028,Cacnea #24 - Pokemon Team Magma & Team Aqua Card,41,2,5,IMG_5812.HEIC,i/028-02.jpg
PKM-028,Cacnea #24 - Pokemon Team Magma & Team Aqua Card,41,3,5,IMG_5813.HEIC,i/028-03.jpg
PKM-028,Cacnea #24 - Pokemon Team Magma & Team Aqua Card,41,4,5,IMG_5814.HEIC,i/028-04.jpg
PKM-028,Cacnea #24 - Pokemon Team Magma & Team Aqua Card,41,5,5,IMG_5815.HEIC,i/028-05.jpg
PKM-054,Magcargo #33 - Pokemon Neo Revelation Card,42,1,5,IMG_5816.HEIC,i/054-01.jpg
PKM-054,Magcargo #33 - Pokemon Neo Revelation Card,42,2,5,IMG_5817.HEIC,i/054-02.jpg
PKM-054,Magcargo #33 - Pokemon Neo Revelation Card,42,3,5,IMG_5818.HEIC,i/054-03.jpg
PKM-054,Magcargo #33 - Pokemon Neo Revelation Card,42,4,5,IMG_5819.HEIC,i/054-04.jpg
PKM-054,Magcargo #33 - Pokemon Neo Revelation Card,42,5,5,IMG_5820.HEIC,i/054-05.jpg
PKM-029,Charmeleon [1999-2000] #24 - Pokemon Base Set Card,43,1,5,IMG_5821.HEIC,i/029-01.jpg
PKM-029,Charmeleon [1999-2000] #24 - Pokemon Base Set Card,43,2,5,IMG_5822.HEIC,i/029-02.jpg
PKM-029,Charmeleon [1999-2000] #24 - Pokemon Base Set Card,43,3,5,IMG_5823.HEIC,i/029-03.jpg
PKM-029,Charmeleon [1999-2000] #24 - Pokemon Base Set Card,43,4,5,IMG_5824.HEIC,i/029-04.jpg
PKM-029,Charmeleon [1999-2000] #24 - Pokemon Base Set Card,43,5,5,IMG_5825.HEIC,i/029-05.jpg
PKM-012,Sabrina's Hypno #56 - Pokemon Gym Challenge Card,44,1,5,IMG_5826.HEIC,i/012-01.jpg
PKM-012,Sabrina's Hypno #56 - Pokemon Gym Challenge Card,44,2,5,IMG_5827.HEIC,i/012-02.jpg
PKM-012,Sabrina's Hypno #56 - Pokemon Gym Challenge Card,44,3,5,IMG_5828.HEIC,i/012-03.jpg
PKM-012,Sabrina's Hypno #56 - Pokemon Gym Challenge Card,44,4,5,IMG_5829.HEIC,i/012-04.jpg
PKM-012,Sabrina's Hypno #56 - Pokemon Gym Challenge Card,44,5,5,IMG_5830.HEIC,i/012-05.jpg
PKM-001,Slowbro [1999-2000] #43 - Pokemon Fossil Card,45,1,5,IMG_5831.HEIC,i/001-01.jpg
PKM-001,Slowbro [1999-2000] #43 - Pokemon Fossil Card,45,2,5,IMG_5832.HEIC,i/001-02.jpg
PKM-001,Slowbro [1999-2000] #43 - Pokemon Fossil Card,45,3,5,IMG_5833.HEIC,i/001-03.jpg
PKM-001,Slowbro [1999-2000] #43 - Pokemon Fossil Card,45,4,5,IMG_5834.HEIC,i/001-04.jpg
PKM-001,Slowbro [1999-2000] #43 - Pokemon Fossil Card,45,5,5,IMG_5835.HEIC,i/001-05.jpg
PKM-020,Sabrina's Mr. Mime #59 - Pokemon Gym Challenge Card,46,1,5,IMG_5836.HEIC,i/020-01.jpg
PKM-020,Sabrina's Mr. Mime #59 - Pokemon Gym Challenge Card,46,2,5,IMG_5837.HEIC,i/020-02.jpg
PKM-020,Sabrina's Mr. Mime #59 - Pokemon Gym Challenge Card,46,3,5,IMG_5838.HEIC,i/020-03.jpg
PKM-020,Sabrina's Mr. Mime #59 - Pokemon Gym Challenge Card,46,4,5,IMG_5839.HEIC,i/020-04.jpg
PKM-020,Sabrina's Mr. Mime #59 - Pokemon Gym Challenge Card,46,5,5,IMG_5840.HEIC,i/020-05.jpg
PKM-042,Wingull [Reverse Holo] #95 - Pokemon Great Encounters Card,47,1,5,IMG_5841.HEIC,i/042-01.jpg
PKM-042,Wingull [Reverse Holo] #95 - Pokemon Great Encounters Card,47,2,5,IMG_5842.HEIC,i/042-02.jpg
PKM-042,Wingull [Reverse Holo] #95 - Pokemon Great Encounters Card,47,3,5,IMG_5843.HEIC,i/042-03.jpg
PKM-042,Wingull [Reverse Holo] #95 - Pokemon Great Encounters Card,47,4,5,IMG_5844.HEIC,i/042-04.jpg
PKM-042,Wingull [Reverse Holo] #95 - Pokemon Great Encounters Card,47,5,5,IMG_5845.HEIC,i/042-05.jpg
PKM-034,Bidoof [Reverse Holo] #70 - Pokemon Diamond & Pearl Card,48,1,5,IMG_5846.HEIC,i/034-01.jpg
PKM-034,Bidoof [Reverse Holo] #70 - Pokemon Diamond & Pearl Card,48,2,5,IMG_5847.HEIC,i/034-02.jpg
PKM-034,Bidoof [Reverse Holo] #70 - Pokemon Diamond & Pearl Card,48,3,5,IMG_5848.HEIC,i/034-03.jpg
PKM-034,Bidoof [Reverse Holo] #70 - Pokemon Diamond & Pearl Card,48,4,5,IMG_5849.HEIC,i/034-04.jpg
PKM-034,Bidoof [Reverse Holo] #70 - Pokemon Diamond & Pearl Card,48,5,5,IMG_5850.HEIC,i/034-05.jpg
PKM-047,Glameow [Reverse Holo] #83 - Pokemon Diamond & Pearl Card,49,1,5,IMG_5851.HEIC,i/047-01.jpg
PKM-047,Glameow [Reverse Holo] #83 - Pokemon Diamond & Pearl Card,49,2,5,IMG_5852.HEIC,i/047-02.jpg
PKM-047,Glameow [Reverse Holo] #83 - Pokemon Diamond & Pearl Card,49,3,5,IMG_5853.HEIC,i/047-03.jpg
PKM-047,Glameow [Reverse Holo] #83 - Pokemon Diamond & Pearl Card,49,4,5,IMG_5854.HEIC,i/047-04.jpg
PKM-047,Glameow [Reverse Holo] #83 - Pokemon Diamond & Pearl Card,49,5,5,IMG_5855.HEIC,i/047-05.jpg
PKM-019,Shellos West Sea [Reverse Holo] #107 - Pokemon Secret Wonders Card,50,1,5,IMG_5856.HEIC,i/019-01.jpg
PKM-019,Shellos West Sea [Reverse Holo] #107 - Pokemon Secret Wonders Card,50,2,5,IMG_5857.HEIC,i/019-02.jpg
PKM-019,Shellos West Sea [Reverse Holo] #107 - Pokemon Secret Wonders Card,50,3,5,IMG_5858.HEIC,i/019-03.jpg
PKM-019,Shellos West Sea [Reverse Holo] #107 - Pokemon Secret Wonders Card,50,4,5,IMG_5859.HEIC,i/019-04.jpg
PKM-019,Shellos West Sea [Reverse Holo] #107 - Pokemon Secret Wonders Card,50,5,5,IMG_5860.HEIC,i/019-05.jpg
PKM-048,Sabrina's Drowzee #95 - Pokemon Gym Challenge Card,51,1,5,IMG_5861.HEIC,i/048-01.jpg
PKM-048,Sabrina's Drowzee #95 - Pokemon Gym Challenge Card,51,2,5,IMG_5862.HEIC,i/048-02.jpg
PKM-048,Sabrina's Drowzee #95 - Pokemon Gym Challenge Card,51,3,5,IMG_5863.HEIC,i/048-03.jpg
PKM-048,Sabrina's Drowzee #95 - Pokemon Gym Challenge Card,51,4,5,IMG_5864.HEIC,i/048-04.jpg
PKM-048,Sabrina's Drowzee #95 - Pokemon Gym Challenge Card,51,5,5,IMG_5865.HEIC,i/048-05.jpg
PKM-037,Sabrina's Abra #93 - Pokemon Gym Challenge Card,52,1,5,IMG_5866.HEIC,i/037-01.jpg
PKM-037,Sabrina's Abra #93 - Pokemon Gym Challenge Card,52,2,5,IMG_5867.HEIC,i/037-02.jpg
PKM-037,Sabrina's Abra #93 - Pokemon Gym Challenge Card,52,3,5,IMG_5868.HEIC,i/037-03.jpg
PKM-037,Sabrina's Abra #93 - Pokemon Gym Challenge Card,52,4,5,IMG_5869.HEIC,i/037-04.jpg
PKM-037,Sabrina's Abra #93 - Pokemon Gym Challenge Card,52,5,5,IMG_5870.HEIC,i/037-05.jpg
PKM-055,Snorunt [Reverse Holo] #100 - Pokemon Mysterious Treasures Card,53,1,4,IMG_5871.HEIC,i/055-01.jpg
PKM-055,Snorunt [Reverse Holo] #100 - Pokemon Mysterious Treasures Card,53,2,4,IMG_5872.HEIC,i/055-02.jpg
PKM-055,Snorunt [Reverse Holo] #100 - Pokemon Mysterious Treasures Card,53,3,4,IMG_5873.HEIC,i/055-03.jpg
PKM-055,Snorunt [Reverse Holo] #100 - Pokemon Mysterious Treasures Card,53,4,4,IMG_5874.HEIC,i/055-04.jpg
