sku,type,title,photo_group,photo_order,photo_count,source_file,hosted_file,raw_url
PKM-20260915-001,Water,Pokemon Team Magma vs Team Aqua Sealeo 16/95 EX 2004,1,1,5,IMG_7191.HEIC,individuals/20260915/001-01.jpg,https://raw.githubusercontent.com/chandlersimon/pokemon-ebay-images/main/individuals/20260915/001-01.jpg
PKM-20260915-001,Water,Pokemon Team Magma vs Team Aqua Sealeo 16/95 EX 2004,1,2,5,IMG_7192.HEIC,individuals/20260915/001-02.jpg,https://raw.githubusercontent.com/chandlersimon/pokemon-ebay-images/main/individuals/20260915/001-02.jpg
PKM-20260915-001,Water,Pokemon Team Magma vs Team Aqua Sealeo 16/95 EX 2004,1,3,5,IMG_7193.HEIC,individuals/20260915/001-03.jpg,https://raw.githubusercontent.com/chandlersimon/pokemon-ebay-images/main/individuals/20260915/001-03.jpg
PKM-20260915-001,Water,Pokemon Team Magma vs Team Aqua Sealeo 16/95 EX 2004,1,4,5,IMG_7194.HEIC,individuals/20260915/001-04.jpg,https://raw.githubusercontent.com/chandlersimon/pokemon-ebay-images/main/individuals/20260915/001-04.jpg
PKM-20260915-001,Water,Pokemon Team Magma vs Team Aqua Sealeo 16/95 EX 2004,1,5,5,IMG_7195.HEIC,individuals/20260915/001-05.jpg,https://raw.githubusercontent.com/chandlersimon/pokemon-ebay-images/main/individuals/20260915/001-05.jpg
PKM-20260915-002,Water,Pokemon EX Dragon Mudkip 65/97 2003,2,1,5,IMG_7196.HEIC,individuals/20260915/002-01.jpg,https://raw.githubusercontent.com/chandlersimon/pokemon-ebay-images/main/individuals/20260915/002-01.jpg
PKM-20260915-002,Water,Pokemon EX Dragon Mudkip 65/97 2003,2,2,5,IMG_7197.HEIC,individuals/20260915/002-02.jpg,https://raw.githubusercontent.com/chandlersimon/pokemon-ebay-images/main/individuals/20260915/002-02.jpg
PKM-20260915-002,Water,Pokemon EX Dragon Mudkip 65/97 2003,2,3,5,IMG_7198.HEIC,individuals/20260915/002-03.jpg,https://raw.githubusercontent.com/chandlersimon/pokemon-ebay-images/main/individuals/20260915/002-03.jpg
PKM-20260915-002,Water,Pokemon EX Dragon Mudkip 65/97 2003,2,4,5,IMG_7199.HEIC,individuals/20260915/002-04.jpg,https://raw.githubusercontent.com/chandlersimon/pokemon-ebay-images/main/individuals/20260915/002-04.jpg
PKM-20260915-002,Water,Pokemon EX Dragon Mudkip 65/97 2003,2,5,5,IMG_7200.HEIC,individuals/20260915/002-05.jpg,https://raw.githubusercontent.com/chandlersimon/pokemon-ebay-images/main/individuals/20260915/002-05.jpg
PKM-20260915-003,Water,Pokemon Crystal Guardians Mudkip 57/100 EX 2006,3,1,5,IMG_7201.HEIC,individuals/20260915/003-01.jpg,https://raw.githubusercontent.com/chandlersimon/pokemon-ebay-images/main/individuals/20260915/003-01.jpg
PKM-20260915-003,Water,Pokemon Crystal Guardians Mudkip 57/100 EX 2006,3,2,5,IMG_7202.HEIC,individuals/20260915/003-02.jpg,https://raw.githubusercontent.com/chandlersimon/pokemon-ebay-images/main/individuals/20260915/003-02.jpg
PKM-20260915-003,Water,Pokemon Crystal Guardians Mudkip 57/100 EX 2006,3,3,5,IMG_7203.HEIC,individuals/20260915/003-03.jpg,https://raw.githubusercontent.com/chandlersimon/pokemon-ebay-images/main/individuals/20260915/003-03.jpg
PKM-20260915-003,Water,Pokemon Crystal Guardians Mudkip 57/100 EX 2006,3,4,5,IMG_7204.HEIC,individuals/20260915/003-04.jpg,https://raw.githubusercontent.com/chandlersimon/pokemon-ebay-images/main/individuals/20260915/003-04.jpg
PKM-20260915-003,Water,Pokemon Crystal Guardians Mudkip 57/100 EX 2006,3,5,5,IMG_7205.HEIC,individuals/20260915/003-05.jpg,https://raw.githubusercontent.com/chandlersimon/pokemon-ebay-images/main/individuals/20260915/003-05.jpg
PKM-20260915-004,Water,Pokemon Diamond Pearl Piplup 93/130 2007,4,1,5,IMG_7206.HEIC,individuals/20260915/004-01.jpg,https://raw.githubusercontent.com/chandlersimon/pokemon-ebay-images/main/individuals/20260915/004-01.jpg
PKM-20260915-004,Water,Pokemon Diamond Pearl Piplup 93/130 2007,4,2,5,IMG_7207.HEIC,individuals/20260915/004-02.jpg,https://raw.githubusercontent.com/chandlersimon/pokemon-ebay-images/main/individuals/20260915/004-02.jpg
PKM-20260915-004,Water,Pokemon Diamond Pearl Piplup 93/130 2007,4,3,5,IMG_7208.HEIC,individuals/20260915/004-03.jpg,https://raw.githubusercontent.com/chandlersimon/pokemon-ebay-images/main/individuals/20260915/004-03.jpg
PKM-20260915-004,Water,Pokemon Diamond Pearl Piplup 93/130 2007,4,4,5,IMG_7209.HEIC,individuals/20260915/004-04.jpg,https://raw.githubusercontent.com/chandlersimon/pokemon-ebay-images/main/individuals/20260915/004-04.jpg
PKM-20260915-004,Water,Pokemon Diamond Pearl Piplup 93/130 2007,4,5,5,IMG_7210.HEIC,individuals/20260915/004-05.jpg,https://raw.githubusercontent.com/chandlersimon/pokemon-ebay-images/main/individuals/20260915/004-05.jpg
PKM-20260915-005,Water,Pokemon Diamond Pearl Piplup 93/130 2007,5,1,5,IMG_7211.HEIC,individuals/20260915/005-01.jpg,https://raw.githubusercontent.com/chandlersimon/pokemon-ebay-images/main/individuals/20260915/005-01.jpg
PKM-20260915-005,Water,Pokemon Diamond Pearl Piplup 93/130 2007,5,2,5,IMG_7212.HEIC,individuals/20260915/005-02.jpg,https://raw.githubusercontent.com/chandlersimon/pokemon-ebay-images/main/individuals/20260915/005-02.jpg
PKM-20260915-005,Water,Pokemon Diamond Pearl Piplup 93/130 2007,5,3,5,IMG_7213.HEIC,individuals/20260915/005-03.jpg,https://raw.githubusercontent.com/chandlersimon/pokemon-ebay-images/main/individuals/20260915/005-03.jpg
PKM-20260915-005,Water,Pokemon Diamond Pearl Piplup 93/130 2007,5,4,5,IMG_7214.HEIC,individuals/20260915/005-04.jpg,https://raw.githubusercontent.com/chandlersimon/pokemon-ebay-images/main/individuals/20260915/005-04.jpg
PKM-20260915-005,Water,Pokemon Diamond Pearl Piplup 93/130 2007,5,5,5,IMG_7215.HEIC,individuals/20260915/005-05.jpg,https://raw.githubusercontent.com/chandlersimon/pokemon-ebay-images/main/individuals/20260915/005-05.jpg
PKM-20260915-006,Water,Pokemon 2009 World Championships Palkia 26/106 David Cohen Stallgon,6,1,5,IMG_7216.HEIC,individuals/20260915/006-01.jpg,https://raw.githubusercontent.com/chandlersimon/pokemon-ebay-images/main/individuals/20260915/006-01.jpg
PKM-20260915-006,Water,Pokemon 2009 World Championships Palkia 26/106 David Cohen Stallgon,6,2,5,IMG_7217.HEIC,individuals/20260915/006-02.jpg,https://raw.githubusercontent.com/chandlersimon/pokemon-ebay-images/main/individuals/20260915/006-02.jpg
PKM-20260915-006,Water,Pokemon 2009 World Championships Palkia 26/106 David Cohen Stallgon,6,3,5,IMG_7218.HEIC,individuals/20260915/006-03.jpg,https://raw.githubusercontent.com/chandlersimon/pokemon-ebay-images/main/individuals/20260915/006-03.jpg
PKM-20260915-006,Water,Pokemon 2009 World Championships Palkia 26/106 David Cohen Stallgon,6,4,5,IMG_7219.HEIC,individuals/20260915/006-04.jpg,https://raw.githubusercontent.com/chandlersimon/pokemon-ebay-images/main/individuals/20260915/006-04.jpg
PKM-20260915-006,Water,Pokemon 2009 World Championships Palkia 26/106 David Cohen Stallgon,6,5,5,IMG_7220.HEIC,individuals/20260915/006-05.jpg,https://raw.githubusercontent.com/chandlersimon/pokemon-ebay-images/main/individuals/20260915/006-05.jpg
PKM-20260915-007,Water,Pokemon Expedition Qwilfish 127/165 WOTC E-Reader 2002,7,1,5,IMG_7221.HEIC,individuals/20260915/007-01.jpg,https://raw.githubusercontent.com/chandlersimon/pokemon-ebay-images/main/individuals/20260915/007-01.jpg
PKM-20260915-007,Water,Pokemon Expedition Qwilfish 127/165 WOTC E-Reader 2002,7,2,5,IMG_7222.HEIC,individuals/20260915/007-02.jpg,https://raw.githubusercontent.com/chandlersimon/pokemon-ebay-images/main/individuals/20260915/007-02.jpg
PKM-20260915-007,Water,Pokemon Expedition Qwilfish 127/165 WOTC E-Reader 2002,7,3,5,IMG_7223.HEIC,individuals/20260915/007-03.jpg,https://raw.githubusercontent.com/chandlersimon/pokemon-ebay-images/main/individuals/20260915/007-03.jpg
PKM-20260915-007,Water,Pokemon Expedition Qwilfish 127/165 WOTC E-Reader 2002,7,4,5,IMG_7224.HEIC,individuals/20260915/007-04.jpg,https://raw.githubusercontent.com/chandlersimon/pokemon-ebay-images/main/individuals/20260915/007-04.jpg
PKM-20260915-007,Water,Pokemon Expedition Qwilfish 127/165 WOTC E-Reader 2002,7,5,5,IMG_7225.HEIC,individuals/20260915/007-05.jpg,https://raw.githubusercontent.com/chandlersimon/pokemon-ebay-images/main/individuals/20260915/007-05.jpg
PKM-20260915-008,Water,Pokemon Crystal Guardians Mudkip 58/100 EX 2006,8,1,5,IMG_7226.HEIC,individuals/20260915/008-01.jpg,https://raw.githubusercontent.com/chandlersimon/pokemon-ebay-images/main/individuals/20260915/008-01.jpg
PKM-20260915-008,Water,Pokemon Crystal Guardians Mudkip 58/100 EX 2006,8,2,5,IMG_7227.HEIC,individuals/20260915/008-02.jpg,https://raw.githubusercontent.com/chandlersimon/pokemon-ebay-images/main/individuals/20260915/008-02.jpg
PKM-20260915-008,Water,Pokemon Crystal Guardians Mudkip 58/100 EX 2006,8,3,5,IMG_7228.HEIC,individuals/20260915/008-03.jpg,https://raw.githubusercontent.com/chandlersimon/pokemon-ebay-images/main/individuals/20260915/008-03.jpg
PKM-20260915-008,Water,Pokemon Crystal Guardians Mudkip 58/100 EX 2006,8,4,5,IMG_7229.HEIC,individuals/20260915/008-04.jpg,https://raw.githubusercontent.com/chandlersimon/pokemon-ebay-images/main/individuals/20260915/008-04.jpg
PKM-20260915-008,Water,Pokemon Crystal Guardians Mudkip 58/100 EX 2006,8,5,5,IMG_7230.HEIC,individuals/20260915/008-05.jpg,https://raw.githubusercontent.com/chandlersimon/pokemon-ebay-images/main/individuals/20260915/008-05.jpg
PKM-20260915-009,Water,Pokemon Great Encounters Slowpoke 82/106 2008,9,1,5,IMG_7231.HEIC,individuals/20260915/009-01.jpg,https://raw.githubusercontent.com/chandlersimon/pokemon-ebay-images/main/individuals/20260915/009-01.jpg
PKM-20260915-009,Water,Pokemon Great Encounters Slowpoke 82/106 2008,9,2,5,IMG_7232.HEIC,individuals/20260915/009-02.jpg,https://raw.githubusercontent.com/chandlersimon/pokemon-ebay-images/main/individuals/20260915/009-02.jpg
PKM-20260915-009,Water,Pokemon Great Encounters Slowpoke 82/106 2008,9,3,5,IMG_7233.HEIC,individuals/20260915/009-03.jpg,https://raw.githubusercontent.com/chandlersimon/pokemon-ebay-images/main/individuals/20260915/009-03.jpg
PKM-20260915-009,Water,Pokemon Great Encounters Slowpoke 82/106 2008,9,4,5,IMG_7234.HEIC,individuals/20260915/009-04.jpg,https://raw.githubusercontent.com/chandlersimon/pokemon-ebay-images/main/individuals/20260915/009-04.jpg
PKM-20260915-009,Water,Pokemon Great Encounters Slowpoke 82/106 2008,9,5,5,IMG_7235.HEIC,individuals/20260915/009-05.jpg,https://raw.githubusercontent.com/chandlersimon/pokemon-ebay-images/main/individuals/20260915/009-05.jpg
PKM-20260915-010,Water,Pokemon Gym Heroes Misty's Horsea 86/132 WOTC 2000,10,1,5,IMG_7236.HEIC,individuals/20260915/010-01.jpg,https://raw.githubusercontent.com/chandlersimon/pokemon-ebay-images/main/individuals/20260915/010-01.jpg
PKM-20260915-010,Water,Pokemon Gym Heroes Misty's Horsea 86/132 WOTC 2000,10,2,5,IMG_7237.HEIC,individuals/20260915/010-02.jpg,https://raw.githubusercontent.com/chandlersimon/pokemon-ebay-images/main/individuals/20260915/010-02.jpg
PKM-20260915-010,Water,Pokemon Gym Heroes Misty's Horsea 86/132 WOTC 2000,10,3,5,IMG_7238.HEIC,individuals/20260915/010-03.jpg,https://raw.githubusercontent.com/chandlersimon/pokemon-ebay-images/main/individuals/20260915/010-03.jpg
PKM-20260915-010,Water,Pokemon Gym Heroes Misty's Horsea 86/132 WOTC 2000,10,4,5,IMG_7239.HEIC,individuals/20260915/010-04.jpg,https://raw.githubusercontent.com/chandlersimon/pokemon-ebay-images/main/individuals/20260915/010-04.jpg
PKM-20260915-010,Water,Pokemon Gym Heroes Misty's Horsea 86/132 WOTC 2000,10,5,5,IMG_7240.HEIC,individuals/20260915/010-05.jpg,https://raw.githubusercontent.com/chandlersimon/pokemon-ebay-images/main/individuals/20260915/010-05.jpg
PKM-20260915-011,Water,Pokemon Gym Heroes Misty's Goldeen 85/132 WOTC 2000,11,1,5,IMG_7241.HEIC,individuals/20260915/011-01.jpg,https://raw.githubusercontent.com/chandlersimon/pokemon-ebay-images/main/individuals/20260915/011-01.jpg
PKM-20260915-011,Water,Pokemon Gym Heroes Misty's Goldeen 85/132 WOTC 2000,11,2,5,IMG_7242.HEIC,individuals/20260915/011-02.jpg,https://raw.githubusercontent.com/chandlersimon/pokemon-ebay-images/main/individuals/20260915/011-02.jpg
PKM-20260915-011,Water,Pokemon Gym Heroes Misty's Goldeen 85/132 WOTC 2000,11,3,5,IMG_7243.HEIC,individuals/20260915/011-03.jpg,https://raw.githubusercontent.com/chandlersimon/pokemon-ebay-images/main/individuals/20260915/011-03.jpg
PKM-20260915-011,Water,Pokemon Gym Heroes Misty's Goldeen 85/132 WOTC 2000,11,4,5,IMG_7244.HEIC,individuals/20260915/011-04.jpg,https://raw.githubusercontent.com/chandlersimon/pokemon-ebay-images/main/individuals/20260915/011-04.jpg
PKM-20260915-011,Water,Pokemon Gym Heroes Misty's Goldeen 85/132 WOTC 2000,11,5,5,IMG_7245.HEIC,individuals/20260915/011-05.jpg,https://raw.githubusercontent.com/chandlersimon/pokemon-ebay-images/main/individuals/20260915/011-05.jpg
PKM-20260915-012,Water,Pokemon Gym Heroes Misty's Horsea 86/132 WOTC 2000,12,1,5,IMG_7246.HEIC,individuals/20260915/012-01.jpg,https://raw.githubusercontent.com/chandlersimon/pokemon-ebay-images/main/individuals/20260915/012-01.jpg
PKM-20260915-012,Water,Pokemon Gym Heroes Misty's Horsea 86/132 WOTC 2000,12,2,5,IMG_7247.HEIC,individuals/20260915/012-02.jpg,https://raw.githubusercontent.com/chandlersimon/pokemon-ebay-images/main/individuals/20260915/012-02.jpg
PKM-20260915-012,Water,Pokemon Gym Heroes Misty's Horsea 86/132 WOTC 2000,12,3,5,IMG_7248.HEIC,individuals/20260915/012-03.jpg,https://raw.githubusercontent.com/chandlersimon/pokemon-ebay-images/main/individuals/20260915/012-03.jpg
PKM-20260915-012,Water,Pokemon Gym Heroes Misty's Horsea 86/132 WOTC 2000,12,4,5,IMG_7249.HEIC,individuals/20260915/012-04.jpg,https://raw.githubusercontent.com/chandlersimon/pokemon-ebay-images/main/individuals/20260915/012-04.jpg
PKM-20260915-012,Water,Pokemon Gym Heroes Misty's Horsea 86/132 WOTC 2000,12,5,5,IMG_7250.HEIC,individuals/20260915/012-05.jpg,https://raw.githubusercontent.com/chandlersimon/pokemon-ebay-images/main/individuals/20260915/012-05.jpg
PKM-20260915-013,Water,Pokemon Gym Heroes Misty's Goldeen 85/132 WOTC 2000,13,1,5,IMG_7251.HEIC,individuals/20260915/013-01.jpg,https://raw.githubusercontent.com/chandlersimon/pokemon-ebay-images/main/individuals/20260915/013-01.jpg
PKM-20260915-013,Water,Pokemon Gym Heroes Misty's Goldeen 85/132 WOTC 2000,13,2,5,IMG_7252.HEIC,individuals/20260915/013-02.jpg,https://raw.githubusercontent.com/chandlersimon/pokemon-ebay-images/main/individuals/20260915/013-02.jpg
PKM-20260915-013,Water,Pokemon Gym Heroes Misty's Goldeen 85/132 WOTC 2000,13,3,5,IMG_7253.HEIC,individuals/20260915/013-03.jpg,https://raw.githubusercontent.com/chandlersimon/pokemon-ebay-images/main/individuals/20260915/013-03.jpg
PKM-20260915-013,Water,Pokemon Gym Heroes Misty's Goldeen 85/132 WOTC 2000,13,4,5,IMG_7254.HEIC,individuals/20260915/013-04.jpg,https://raw.githubusercontent.com/chandlersimon/pokemon-ebay-images/main/individuals/20260915/013-04.jpg
PKM-20260915-013,Water,Pokemon Gym Heroes Misty's Goldeen 85/132 WOTC 2000,13,5,5,IMG_7255.HEIC,individuals/20260915/013-05.jpg,https://raw.githubusercontent.com/chandlersimon/pokemon-ebay-images/main/individuals/20260915/013-05.jpg
PKM-20260915-014,Water,Pokemon Gym Challenge Misty's Poliwag 89/132 WOTC 2000,14,1,5,IMG_7256.HEIC,individuals/20260915/014-01.jpg,https://raw.githubusercontent.com/chandlersimon/pokemon-ebay-images/main/individuals/20260915/014-01.jpg
PKM-20260915-014,Water,Pokemon Gym Challenge Misty's Poliwag 89/132 WOTC 2000,14,2,5,IMG_7257.HEIC,individuals/20260915/014-02.jpg,https://raw.githubusercontent.com/chandlersimon/pokemon-ebay-images/main/individuals/20260915/014-02.jpg
PKM-20260915-014,Water,Pokemon Gym Challenge Misty's Poliwag 89/132 WOTC 2000,14,3,5,IMG_7258.HEIC,individuals/20260915/014-03.jpg,https://raw.githubusercontent.com/chandlersimon/pokemon-ebay-images/main/individuals/20260915/014-03.jpg
PKM-20260915-014,Water,Pokemon Gym Challenge Misty's Poliwag 89/132 WOTC 2000,14,4,5,IMG_7259.HEIC,individuals/20260915/014-04.jpg,https://raw.githubusercontent.com/chandlersimon/pokemon-ebay-images/main/individuals/20260915/014-04.jpg
PKM-20260915-014,Water,Pokemon Gym Challenge Misty's Poliwag 89/132 WOTC 2000,14,5,5,IMG_7260.HEIC,individuals/20260915/014-05.jpg,https://raw.githubusercontent.com/chandlersimon/pokemon-ebay-images/main/individuals/20260915/014-05.jpg
PKM-20260915-015,Water,Pokemon Neo Genesis Totodile 80/111 WOTC 2000,15,1,5,IMG_7261.HEIC,individuals/20260915/015-01.jpg,https://raw.githubusercontent.com/chandlersimon/pokemon-ebay-images/main/individuals/20260915/015-01.jpg
PKM-20260915-015,Water,Pokemon Neo Genesis Totodile 80/111 WOTC 2000,15,2,5,IMG_7262.HEIC,individuals/20260915/015-02.jpg,https://raw.githubusercontent.com/chandlersimon/pokemon-ebay-images/main/individuals/20260915/015-02.jpg
PKM-20260915-015,Water,Pokemon Neo Genesis Totodile 80/111 WOTC 2000,15,3,5,IMG_7263.HEIC,individuals/20260915/015-03.jpg,https://raw.githubusercontent.com/chandlersimon/pokemon-ebay-images/main/individuals/20260915/015-03.jpg
PKM-20260915-015,Water,Pokemon Neo Genesis Totodile 80/111 WOTC 2000,15,4,5,IMG_7264.HEIC,individuals/20260915/015-04.jpg,https://raw.githubusercontent.com/chandlersimon/pokemon-ebay-images/main/individuals/20260915/015-04.jpg
PKM-20260915-015,Water,Pokemon Neo Genesis Totodile 80/111 WOTC 2000,15,5,5,IMG_7265.HEIC,individuals/20260915/015-05.jpg,https://raw.githubusercontent.com/chandlersimon/pokemon-ebay-images/main/individuals/20260915/015-05.jpg
PKM-20260915-016,Water,Pokemon Neo Discovery Wooper 71/75 WOTC 2001,16,1,5,IMG_7266.HEIC,individuals/20260915/016-01.jpg,https://raw.githubusercontent.com/chandlersimon/pokemon-ebay-images/main/individuals/20260915/016-01.jpg
PKM-20260915-016,Water,Pokemon Neo Discovery Wooper 71/75 WOTC 2001,16,2,5,IMG_7267.HEIC,individuals/20260915/016-02.jpg,https://raw.githubusercontent.com/chandlersimon/pokemon-ebay-images/main/individuals/20260915/016-02.jpg
PKM-20260915-016,Water,Pokemon Neo Discovery Wooper 71/75 WOTC 2001,16,3,5,IMG_7268.HEIC,individuals/20260915/016-03.jpg,https://raw.githubusercontent.com/chandlersimon/pokemon-ebay-images/main/individuals/20260915/016-03.jpg
PKM-20260915-016,Water,Pokemon Neo Discovery Wooper 71/75 WOTC 2001,16,4,5,IMG_7269.HEIC,individuals/20260915/016-04.jpg,https://raw.githubusercontent.com/chandlersimon/pokemon-ebay-images/main/individuals/20260915/016-04.jpg
PKM-20260915-016,Water,Pokemon Neo Discovery Wooper 71/75 WOTC 2001,16,5,5,IMG_7270.HEIC,individuals/20260915/016-05.jpg,https://raw.githubusercontent.com/chandlersimon/pokemon-ebay-images/main/individuals/20260915/016-05.jpg
PKM-20260915-017,Water,Pokemon Gym Heroes Misty's Tentacool 57/132 WOTC 2000,17,1,5,IMG_7271.HEIC,individuals/20260915/017-01.jpg,https://raw.githubusercontent.com/chandlersimon/pokemon-ebay-images/main/individuals/20260915/017-01.jpg
PKM-20260915-017,Water,Pokemon Gym Heroes Misty's Tentacool 57/132 WOTC 2000,17,2,5,IMG_7272.HEIC,individuals/20260915/017-02.jpg,https://raw.githubusercontent.com/chandlersimon/pokemon-ebay-images/main/individuals/20260915/017-02.jpg
PKM-20260915-017,Water,Pokemon Gym Heroes Misty's Tentacool 57/132 WOTC 2000,17,3,5,IMG_7273.HEIC,individuals/20260915/017-03.jpg,https://raw.githubusercontent.com/chandlersimon/pokemon-ebay-images/main/individuals/20260915/017-03.jpg
PKM-20260915-017,Water,Pokemon Gym Heroes Misty's Tentacool 57/132 WOTC 2000,17,4,5,IMG_7274.HEIC,individuals/20260915/017-04.jpg,https://raw.githubusercontent.com/chandlersimon/pokemon-ebay-images/main/individuals/20260915/017-04.jpg
PKM-20260915-017,Water,Pokemon Gym Heroes Misty's Tentacool 57/132 WOTC 2000,17,5,5,IMG_7275.HEIC,individuals/20260915/017-05.jpg,https://raw.githubusercontent.com/chandlersimon/pokemon-ebay-images/main/individuals/20260915/017-05.jpg
PKM-20260915-018,Water,Pokemon Team Rocket Squirtle 68/82 WOTC 2000,18,1,5,IMG_7276.HEIC,individuals/20260915/018-01.jpg,https://raw.githubusercontent.com/chandlersimon/pokemon-ebay-images/main/individuals/20260915/018-01.jpg
PKM-20260915-018,Water,Pokemon Team Rocket Squirtle 68/82 WOTC 2000,18,2,5,IMG_7277.HEIC,individuals/20260915/018-02.jpg,https://raw.githubusercontent.com/chandlersimon/pokemon-ebay-images/main/individuals/20260915/018-02.jpg
PKM-20260915-018,Water,Pokemon Team Rocket Squirtle 68/82 WOTC 2000,18,3,5,IMG_7278.HEIC,individuals/20260915/018-03.jpg,https://raw.githubusercontent.com/chandlersimon/pokemon-ebay-images/main/individuals/20260915/018-03.jpg
PKM-20260915-018,Water,Pokemon Team Rocket Squirtle 68/82 WOTC 2000,18,4,5,IMG_7279.HEIC,individuals/20260915/018-04.jpg,https://raw.githubusercontent.com/chandlersimon/pokemon-ebay-images/main/individuals/20260915/018-04.jpg
PKM-20260915-018,Water,Pokemon Team Rocket Squirtle 68/82 WOTC 2000,18,5,5,IMG_7280.HEIC,individuals/20260915/018-05.jpg,https://raw.githubusercontent.com/chandlersimon/pokemon-ebay-images/main/individuals/20260915/018-05.jpg
PKM-20260915-019,Water,Pokemon EX Sandstorm Lotad 66/100 2003,19,1,5,IMG_7281.HEIC,individuals/20260915/019-01.jpg,https://raw.githubusercontent.com/chandlersimon/pokemon-ebay-images/main/individuals/20260915/019-01.jpg
PKM-20260915-019,Water,Pokemon EX Sandstorm Lotad 66/100 2003,19,2,5,IMG_7282.HEIC,individuals/20260915/019-02.jpg,https://raw.githubusercontent.com/chandlersimon/pokemon-ebay-images/main/individuals/20260915/019-02.jpg
PKM-20260915-019,Water,Pokemon EX Sandstorm Lotad 66/100 2003,19,3,5,IMG_7283.HEIC,individuals/20260915/019-03.jpg,https://raw.githubusercontent.com/chandlersimon/pokemon-ebay-images/main/individuals/20260915/019-03.jpg
PKM-20260915-019,Water,Pokemon EX Sandstorm Lotad 66/100 2003,19,4,5,IMG_7284.HEIC,individuals/20260915/019-04.jpg,https://raw.githubusercontent.com/chandlersimon/pokemon-ebay-images/main/individuals/20260915/019-04.jpg
PKM-20260915-019,Water,Pokemon EX Sandstorm Lotad 66/100 2003,19,5,5,IMG_7285.HEIC,individuals/20260915/019-05.jpg,https://raw.githubusercontent.com/chandlersimon/pokemon-ebay-images/main/individuals/20260915/019-05.jpg
PKM-20260915-020,Water,Pokemon EX Dragon Snorunt 44/97 2003,20,1,5,IMG_7286.HEIC,individuals/20260915/020-01.jpg,https://raw.githubusercontent.com/chandlersimon/pokemon-ebay-images/main/individuals/20260915/020-01.jpg
PKM-20260915-020,Water,Pokemon EX Dragon Snorunt 44/97 2003,20,2,5,IMG_7287.HEIC,individuals/20260915/020-02.jpg,https://raw.githubusercontent.com/chandlersimon/pokemon-ebay-images/main/individuals/20260915/020-02.jpg
PKM-20260915-020,Water,Pokemon EX Dragon Snorunt 44/97 2003,20,3,5,IMG_7288.HEIC,individuals/20260915/020-03.jpg,https://raw.githubusercontent.com/chandlersimon/pokemon-ebay-images/main/individuals/20260915/020-03.jpg
PKM-20260915-020,Water,Pokemon EX Dragon Snorunt 44/97 2003,20,4,5,IMG_7289.HEIC,individuals/20260915/020-04.jpg,https://raw.githubusercontent.com/chandlersimon/pokemon-ebay-images/main/individuals/20260915/020-04.jpg
PKM-20260915-020,Water,Pokemon EX Dragon Snorunt 44/97 2003,20,5,5,IMG_7290.HEIC,individuals/20260915/020-05.jpg,https://raw.githubusercontent.com/chandlersimon/pokemon-ebay-images/main/individuals/20260915/020-05.jpg
PKM-20260915-021,Water,Pokemon EX Sandstorm Kabuto 39/100 2003,21,1,5,IMG_7291.HEIC,individuals/20260915/021-01.jpg,https://raw.githubusercontent.com/chandlersimon/pokemon-ebay-images/main/individuals/20260915/021-01.jpg
PKM-20260915-021,Water,Pokemon EX Sandstorm Kabuto 39/100 2003,21,2,5,IMG_7292.HEIC,individuals/20260915/021-02.jpg,https://raw.githubusercontent.com/chandlersimon/pokemon-ebay-images/main/individuals/20260915/021-02.jpg
PKM-20260915-021,Water,Pokemon EX Sandstorm Kabuto 39/100 2003,21,3,5,IMG_7293.HEIC,individuals/20260915/021-03.jpg,https://raw.githubusercontent.com/chandlersimon/pokemon-ebay-images/main/individuals/20260915/021-03.jpg
PKM-20260915-021,Water,Pokemon EX Sandstorm Kabuto 39/100 2003,21,4,5,IMG_7294.HEIC,individuals/20260915/021-04.jpg,https://raw.githubusercontent.com/chandlersimon/pokemon-ebay-images/main/individuals/20260915/021-04.jpg
PKM-20260915-021,Water,Pokemon EX Sandstorm Kabuto 39/100 2003,21,5,5,IMG_7295.HEIC,individuals/20260915/021-05.jpg,https://raw.githubusercontent.com/chandlersimon/pokemon-ebay-images/main/individuals/20260915/021-05.jpg
PKM-20260915-022,Water,Pokemon Gym Heroes Misty's Goldeen 85/132 WOTC 2000,22,1,5,IMG_7296.HEIC,individuals/20260915/022-01.jpg,https://raw.githubusercontent.com/chandlersimon/pokemon-ebay-images/main/individuals/20260915/022-01.jpg
PKM-20260915-022,Water,Pokemon Gym Heroes Misty's Goldeen 85/132 WOTC 2000,22,2,5,IMG_7297.HEIC,individuals/20260915/022-02.jpg,https://raw.githubusercontent.com/chandlersimon/pokemon-ebay-images/main/individuals/20260915/022-02.jpg
PKM-20260915-022,Water,Pokemon Gym Heroes Misty's Goldeen 85/132 WOTC 2000,22,3,5,IMG_7298.HEIC,individuals/20260915/022-03.jpg,https://raw.githubusercontent.com/chandlersimon/pokemon-ebay-images/main/individuals/20260915/022-03.jpg
PKM-20260915-022,Water,Pokemon Gym Heroes Misty's Goldeen 85/132 WOTC 2000,22,4,5,IMG_7299.HEIC,individuals/20260915/022-04.jpg,https://raw.githubusercontent.com/chandlersimon/pokemon-ebay-images/main/individuals/20260915/022-04.jpg
PKM-20260915-022,Water,Pokemon Gym Heroes Misty's Goldeen 85/132 WOTC 2000,22,5,5,IMG_7300.HEIC,individuals/20260915/022-05.jpg,https://raw.githubusercontent.com/chandlersimon/pokemon-ebay-images/main/individuals/20260915/022-05.jpg
PKM-20260915-023,Water,Pokemon EX Sandstorm Kabuto 39/100 2003,23,1,5,IMG_7301.HEIC,individuals/20260915/023-01.jpg,https://raw.githubusercontent.com/chandlersimon/pokemon-ebay-images/main/individuals/20260915/023-01.jpg
PKM-20260915-023,Water,Pokemon EX Sandstorm Kabuto 39/100 2003,23,2,5,IMG_7302.HEIC,individuals/20260915/023-02.jpg,https://raw.githubusercontent.com/chandlersimon/pokemon-ebay-images/main/individuals/20260915/023-02.jpg
PKM-20260915-023,Water,Pokemon EX Sandstorm Kabuto 39/100 2003,23,3,5,IMG_7303.HEIC,individuals/20260915/023-03.jpg,https://raw.githubusercontent.com/chandlersimon/pokemon-ebay-images/main/individuals/20260915/023-03.jpg
PKM-20260915-023,Water,Pokemon EX Sandstorm Kabuto 39/100 2003,23,4,5,IMG_7304.HEIC,individuals/20260915/023-04.jpg,https://raw.githubusercontent.com/chandlersimon/pokemon-ebay-images/main/individuals/20260915/023-04.jpg
PKM-20260915-023,Water,Pokemon EX Sandstorm Kabuto 39/100 2003,23,5,5,IMG_7305.HEIC,individuals/20260915/023-05.jpg,https://raw.githubusercontent.com/chandlersimon/pokemon-ebay-images/main/individuals/20260915/023-05.jpg
PKM-20260915-024,Water,Pokemon Expedition Corsola 102/165 WOTC E-Reader 2002,24,1,5,IMG_7306.HEIC,individuals/20260915/024-01.jpg,https://raw.githubusercontent.com/chandlersimon/pokemon-ebay-images/main/individuals/20260915/024-01.jpg
PKM-20260915-024,Water,Pokemon Expedition Corsola 102/165 WOTC E-Reader 2002,24,2,5,IMG_7307.HEIC,individuals/20260915/024-02.jpg,https://raw.githubusercontent.com/chandlersimon/pokemon-ebay-images/main/individuals/20260915/024-02.jpg
PKM-20260915-024,Water,Pokemon Expedition Corsola 102/165 WOTC E-Reader 2002,24,3,5,IMG_7308.HEIC,individuals/20260915/024-03.jpg,https://raw.githubusercontent.com/chandlersimon/pokemon-ebay-images/main/individuals/20260915/024-03.jpg
PKM-20260915-024,Water,Pokemon Expedition Corsola 102/165 WOTC E-Reader 2002,24,4,5,IMG_7309.HEIC,individuals/20260915/024-04.jpg,https://raw.githubusercontent.com/chandlersimon/pokemon-ebay-images/main/individuals/20260915/024-04.jpg
PKM-20260915-024,Water,Pokemon Expedition Corsola 102/165 WOTC E-Reader 2002,24,5,5,IMG_7310.HEIC,individuals/20260915/024-05.jpg,https://raw.githubusercontent.com/chandlersimon/pokemon-ebay-images/main/individuals/20260915/024-05.jpg
PKM-20260915-025,Water,Pokemon EX Sandstorm Lombre 45/100 2003,25,1,5,IMG_7311.HEIC,individuals/20260915/025-01.jpg,https://raw.githubusercontent.com/chandlersimon/pokemon-ebay-images/main/individuals/20260915/025-01.jpg
PKM-20260915-025,Water,Pokemon EX Sandstorm Lombre 45/100 2003,25,2,5,IMG_7312.HEIC,individuals/20260915/025-02.jpg,https://raw.githubusercontent.com/chandlersimon/pokemon-ebay-images/main/individuals/20260915/025-02.jpg
PKM-20260915-025,Water,Pokemon EX Sandstorm Lombre 45/100 2003,25,3,5,IMG_7313.HEIC,individuals/20260915/025-03.jpg,https://raw.githubusercontent.com/chandlersimon/pokemon-ebay-images/main/individuals/20260915/025-03.jpg
PKM-20260915-025,Water,Pokemon EX Sandstorm Lombre 45/100 2003,25,4,5,IMG_7314.HEIC,individuals/20260915/025-04.jpg,https://raw.githubusercontent.com/chandlersimon/pokemon-ebay-images/main/individuals/20260915/025-04.jpg
PKM-20260915-025,Water,Pokemon EX Sandstorm Lombre 45/100 2003,25,5,5,IMG_7315.HEIC,individuals/20260915/025-05.jpg,https://raw.githubusercontent.com/chandlersimon/pokemon-ebay-images/main/individuals/20260915/025-05.jpg
PKM-20260915-026,Water,Pokemon EX Emerald Feebas 49/106 2005,26,1,5,IMG_7316.HEIC,individuals/20260915/026-01.jpg,https://raw.githubusercontent.com/chandlersimon/pokemon-ebay-images/main/individuals/20260915/026-01.jpg
PKM-20260915-026,Water,Pokemon EX Emerald Feebas 49/106 2005,26,2,5,IMG_7317.HEIC,individuals/20260915/026-02.jpg,https://raw.githubusercontent.com/chandlersimon/pokemon-ebay-images/main/individuals/20260915/026-02.jpg
PKM-20260915-026,Water,Pokemon EX Emerald Feebas 49/106 2005,26,3,5,IMG_7318.HEIC,individuals/20260915/026-03.jpg,https://raw.githubusercontent.com/chandlersimon/pokemon-ebay-images/main/individuals/20260915/026-03.jpg
PKM-20260915-026,Water,Pokemon EX Emerald Feebas 49/106 2005,26,4,5,IMG_7319.HEIC,individuals/20260915/026-04.jpg,https://raw.githubusercontent.com/chandlersimon/pokemon-ebay-images/main/individuals/20260915/026-04.jpg
PKM-20260915-026,Water,Pokemon EX Emerald Feebas 49/106 2005,26,5,5,IMG_7320.HEIC,individuals/20260915/026-05.jpg,https://raw.githubusercontent.com/chandlersimon/pokemon-ebay-images/main/individuals/20260915/026-05.jpg
PKM-20260915-027,Water,Pokemon EX Emerald Mudkip 56/106 2005,27,1,5,IMG_7321.HEIC,individuals/20260915/027-01.jpg,https://raw.githubusercontent.com/chandlersimon/pokemon-ebay-images/main/individuals/20260915/027-01.jpg
PKM-20260915-027,Water,Pokemon EX Emerald Mudkip 56/106 2005,27,2,5,IMG_7322.HEIC,individuals/20260915/027-02.jpg,https://raw.githubusercontent.com/chandlersimon/pokemon-ebay-images/main/individuals/20260915/027-02.jpg
PKM-20260915-027,Water,Pokemon EX Emerald Mudkip 56/106 2005,27,3,5,IMG_7323.HEIC,individuals/20260915/027-03.jpg,https://raw.githubusercontent.com/chandlersimon/pokemon-ebay-images/main/individuals/20260915/027-03.jpg
PKM-20260915-027,Water,Pokemon EX Emerald Mudkip 56/106 2005,27,4,5,IMG_7324.HEIC,individuals/20260915/027-04.jpg,https://raw.githubusercontent.com/chandlersimon/pokemon-ebay-images/main/individuals/20260915/027-04.jpg
PKM-20260915-027,Water,Pokemon EX Emerald Mudkip 56/106 2005,27,5,5,IMG_7325.HEIC,individuals/20260915/027-05.jpg,https://raw.githubusercontent.com/chandlersimon/pokemon-ebay-images/main/individuals/20260915/027-05.jpg
PKM-20260915-028,Water,Pokemon Diamond Pearl Buizel 72/130 2007,28,1,5,IMG_7326.HEIC,individuals/20260915/028-01.jpg,https://raw.githubusercontent.com/chandlersimon/pokemon-ebay-images/main/individuals/20260915/028-01.jpg
PKM-20260915-028,Water,Pokemon Diamond Pearl Buizel 72/130 2007,28,2,5,IMG_7327.HEIC,individuals/20260915/028-02.jpg,https://raw.githubusercontent.com/chandlersimon/pokemon-ebay-images/main/individuals/20260915/028-02.jpg
PKM-20260915-028,Water,Pokemon Diamond Pearl Buizel 72/130 2007,28,3,5,IMG_7328.HEIC,individuals/20260915/028-03.jpg,https://raw.githubusercontent.com/chandlersimon/pokemon-ebay-images/main/individuals/20260915/028-03.jpg
PKM-20260915-028,Water,Pokemon Diamond Pearl Buizel 72/130 2007,28,4,5,IMG_7329.HEIC,individuals/20260915/028-04.jpg,https://raw.githubusercontent.com/chandlersimon/pokemon-ebay-images/main/individuals/20260915/028-04.jpg
PKM-20260915-028,Water,Pokemon Diamond Pearl Buizel 72/130 2007,28,5,5,IMG_7330.HEIC,individuals/20260915/028-05.jpg,https://raw.githubusercontent.com/chandlersimon/pokemon-ebay-images/main/individuals/20260915/028-05.jpg
PKM-20260915-029,Water,Pokemon Secret Wonders Psyduck 100/132 2007,29,1,5,IMG_7331.HEIC,individuals/20260915/029-01.jpg,https://raw.githubusercontent.com/chandlersimon/pokemon-ebay-images/main/individuals/20260915/029-01.jpg
PKM-20260915-029,Water,Pokemon Secret Wonders Psyduck 100/132 2007,29,2,5,IMG_7332.HEIC,individuals/20260915/029-02.jpg,https://raw.githubusercontent.com/chandlersimon/pokemon-ebay-images/main/individuals/20260915/029-02.jpg
PKM-20260915-029,Water,Pokemon Secret Wonders Psyduck 100/132 2007,29,3,5,IMG_7333.HEIC,individuals/20260915/029-03.jpg,https://raw.githubusercontent.com/chandlersimon/pokemon-ebay-images/main/individuals/20260915/029-03.jpg
PKM-20260915-029,Water,Pokemon Secret Wonders Psyduck 100/132 2007,29,4,5,IMG_7334.HEIC,individuals/20260915/029-04.jpg,https://raw.githubusercontent.com/chandlersimon/pokemon-ebay-images/main/individuals/20260915/029-04.jpg
PKM-20260915-029,Water,Pokemon Secret Wonders Psyduck 100/132 2007,29,5,5,IMG_7335.HEIC,individuals/20260915/029-05.jpg,https://raw.githubusercontent.com/chandlersimon/pokemon-ebay-images/main/individuals/20260915/029-05.jpg
PKM-20260915-030,Water,Pokemon Diamond Pearl Prinplup 58/130 2007,30,1,5,IMG_7336.HEIC,individuals/20260915/030-01.jpg,https://raw.githubusercontent.com/chandlersimon/pokemon-ebay-images/main/individuals/20260915/030-01.jpg
PKM-20260915-030,Water,Pokemon Diamond Pearl Prinplup 58/130 2007,30,2,5,IMG_7337.HEIC,individuals/20260915/030-02.jpg,https://raw.githubusercontent.com/chandlersimon/pokemon-ebay-images/main/individuals/20260915/030-02.jpg
PKM-20260915-030,Water,Pokemon Diamond Pearl Prinplup 58/130 2007,30,3,5,IMG_7338.HEIC,individuals/20260915/030-03.jpg,https://raw.githubusercontent.com/chandlersimon/pokemon-ebay-images/main/individuals/20260915/030-03.jpg
PKM-20260915-030,Water,Pokemon Diamond Pearl Prinplup 58/130 2007,30,4,5,IMG_7339.HEIC,individuals/20260915/030-04.jpg,https://raw.githubusercontent.com/chandlersimon/pokemon-ebay-images/main/individuals/20260915/030-04.jpg
PKM-20260915-030,Water,Pokemon Diamond Pearl Prinplup 58/130 2007,30,5,5,IMG_7340.HEIC,individuals/20260915/030-05.jpg,https://raw.githubusercontent.com/chandlersimon/pokemon-ebay-images/main/individuals/20260915/030-05.jpg
PKM-20260915-031,Water,Pokemon Majestic Dawn Piplup 72/100 2008,31,1,5,IMG_7341.HEIC,individuals/20260915/031-01.jpg,https://raw.githubusercontent.com/chandlersimon/pokemon-ebay-images/main/individuals/20260915/031-01.jpg
PKM-20260915-031,Water,Pokemon Majestic Dawn Piplup 72/100 2008,31,2,5,IMG_7342.HEIC,individuals/20260915/031-02.jpg,https://raw.githubusercontent.com/chandlersimon/pokemon-ebay-images/main/individuals/20260915/031-02.jpg
PKM-20260915-031,Water,Pokemon Majestic Dawn Piplup 72/100 2008,31,3,5,IMG_7343.HEIC,individuals/20260915/031-03.jpg,https://raw.githubusercontent.com/chandlersimon/pokemon-ebay-images/main/individuals/20260915/031-03.jpg
PKM-20260915-031,Water,Pokemon Majestic Dawn Piplup 72/100 2008,31,4,5,IMG_7344.HEIC,individuals/20260915/031-04.jpg,https://raw.githubusercontent.com/chandlersimon/pokemon-ebay-images/main/individuals/20260915/031-04.jpg
PKM-20260915-031,Water,Pokemon Majestic Dawn Piplup 72/100 2008,31,5,5,IMG_7345.HEIC,individuals/20260915/031-05.jpg,https://raw.githubusercontent.com/chandlersimon/pokemon-ebay-images/main/individuals/20260915/031-05.jpg
PKM-20260915-032,Water,Pokemon Secret Wonders Psyduck 100/132 2007,32,1,5,IMG_7346.HEIC,individuals/20260915/032-01.jpg,https://raw.githubusercontent.com/chandlersimon/pokemon-ebay-images/main/individuals/20260915/032-01.jpg
PKM-20260915-032,Water,Pokemon Secret Wonders Psyduck 100/132 2007,32,2,5,IMG_7347.HEIC,individuals/20260915/032-02.jpg,https://raw.githubusercontent.com/chandlersimon/pokemon-ebay-images/main/individuals/20260915/032-02.jpg
PKM-20260915-032,Water,Pokemon Secret Wonders Psyduck 100/132 2007,32,3,5,IMG_7348.HEIC,individuals/20260915/032-03.jpg,https://raw.githubusercontent.com/chandlersimon/pokemon-ebay-images/main/individuals/20260915/032-03.jpg
PKM-20260915-032,Water,Pokemon Secret Wonders Psyduck 100/132 2007,32,4,5,IMG_7349.HEIC,individuals/20260915/032-04.jpg,https://raw.githubusercontent.com/chandlersimon/pokemon-ebay-images/main/individuals/20260915/032-04.jpg
PKM-20260915-032,Water,Pokemon Secret Wonders Psyduck 100/132 2007,32,5,5,IMG_7350.HEIC,individuals/20260915/032-05.jpg,https://raw.githubusercontent.com/chandlersimon/pokemon-ebay-images/main/individuals/20260915/032-05.jpg
PKM-20260915-033,Water,Pokemon Manaphy Lucario Trainer Kit Totodile #8,33,1,5,IMG_7352.HEIC,individuals/20260915/033-01.jpg,https://raw.githubusercontent.com/chandlersimon/pokemon-ebay-images/main/individuals/20260915/033-01.jpg
PKM-20260915-033,Water,Pokemon Manaphy Lucario Trainer Kit Totodile #8,33,2,5,IMG_7353.HEIC,individuals/20260915/033-02.jpg,https://raw.githubusercontent.com/chandlersimon/pokemon-ebay-images/main/individuals/20260915/033-02.jpg
PKM-20260915-033,Water,Pokemon Manaphy Lucario Trainer Kit Totodile #8,33,3,5,IMG_7354.HEIC,individuals/20260915/033-03.jpg,https://raw.githubusercontent.com/chandlersimon/pokemon-ebay-images/main/individuals/20260915/033-03.jpg
PKM-20260915-033,Water,Pokemon Manaphy Lucario Trainer Kit Totodile #8,33,4,5,IMG_7355.HEIC,individuals/20260915/033-04.jpg,https://raw.githubusercontent.com/chandlersimon/pokemon-ebay-images/main/individuals/20260915/033-04.jpg
PKM-20260915-033,Water,Pokemon Manaphy Lucario Trainer Kit Totodile #8,33,5,5,IMG_7356.HEIC,individuals/20260915/033-05.jpg,https://raw.githubusercontent.com/chandlersimon/pokemon-ebay-images/main/individuals/20260915/033-05.jpg
PKM-20260915-034,Water,Pokemon Neo Destiny Totodile 85/105 WOTC 2002,34,1,5,IMG_7357.HEIC,individuals/20260915/034-01.jpg,https://raw.githubusercontent.com/chandlersimon/pokemon-ebay-images/main/individuals/20260915/034-01.jpg
PKM-20260915-034,Water,Pokemon Neo Destiny Totodile 85/105 WOTC 2002,34,2,5,IMG_7358.HEIC,individuals/20260915/034-02.jpg,https://raw.githubusercontent.com/chandlersimon/pokemon-ebay-images/main/individuals/20260915/034-02.jpg
PKM-20260915-034,Water,Pokemon Neo Destiny Totodile 85/105 WOTC 2002,34,3,5,IMG_7359.HEIC,individuals/20260915/034-03.jpg,https://raw.githubusercontent.com/chandlersimon/pokemon-ebay-images/main/individuals/20260915/034-03.jpg
PKM-20260915-034,Water,Pokemon Neo Destiny Totodile 85/105 WOTC 2002,34,4,5,IMG_7360.HEIC,individuals/20260915/034-04.jpg,https://raw.githubusercontent.com/chandlersimon/pokemon-ebay-images/main/individuals/20260915/034-04.jpg
PKM-20260915-034,Water,Pokemon Neo Destiny Totodile 85/105 WOTC 2002,34,5,5,IMG_7361.HEIC,individuals/20260915/034-05.jpg,https://raw.githubusercontent.com/chandlersimon/pokemon-ebay-images/main/individuals/20260915/034-05.jpg
PKM-20260915-035,Water,Pokemon Majestic Dawn Phione 27/100 2008,35,1,5,IMG_7362.HEIC,individuals/20260915/035-01.jpg,https://raw.githubusercontent.com/chandlersimon/pokemon-ebay-images/main/individuals/20260915/035-01.jpg
PKM-20260915-035,Water,Pokemon Majestic Dawn Phione 27/100 2008,35,2,5,IMG_7363.HEIC,individuals/20260915/035-02.jpg,https://raw.githubusercontent.com/chandlersimon/pokemon-ebay-images/main/individuals/20260915/035-02.jpg
PKM-20260915-035,Water,Pokemon Majestic Dawn Phione 27/100 2008,35,3,5,IMG_7364.HEIC,individuals/20260915/035-03.jpg,https://raw.githubusercontent.com/chandlersimon/pokemon-ebay-images/main/individuals/20260915/035-03.jpg
PKM-20260915-035,Water,Pokemon Majestic Dawn Phione 27/100 2008,35,4,5,IMG_7365.HEIC,individuals/20260915/035-04.jpg,https://raw.githubusercontent.com/chandlersimon/pokemon-ebay-images/main/individuals/20260915/035-04.jpg
PKM-20260915-035,Water,Pokemon Majestic Dawn Phione 27/100 2008,35,5,5,IMG_7366.HEIC,individuals/20260915/035-05.jpg,https://raw.githubusercontent.com/chandlersimon/pokemon-ebay-images/main/individuals/20260915/035-05.jpg
PKM-20260915-036,Water,Pokemon FireRed LeafGreen Magikarp 67/112 EX 2004,36,1,5,IMG_7367.HEIC,individuals/20260915/036-01.jpg,https://raw.githubusercontent.com/chandlersimon/pokemon-ebay-images/main/individuals/20260915/036-01.jpg
PKM-20260915-036,Water,Pokemon FireRed LeafGreen Magikarp 67/112 EX 2004,36,2,5,IMG_7368.HEIC,individuals/20260915/036-02.jpg,https://raw.githubusercontent.com/chandlersimon/pokemon-ebay-images/main/individuals/20260915/036-02.jpg
PKM-20260915-036,Water,Pokemon FireRed LeafGreen Magikarp 67/112 EX 2004,36,3,5,IMG_7369.HEIC,individuals/20260915/036-03.jpg,https://raw.githubusercontent.com/chandlersimon/pokemon-ebay-images/main/individuals/20260915/036-03.jpg
PKM-20260915-036,Water,Pokemon FireRed LeafGreen Magikarp 67/112 EX 2004,36,4,5,IMG_7370.HEIC,individuals/20260915/036-04.jpg,https://raw.githubusercontent.com/chandlersimon/pokemon-ebay-images/main/individuals/20260915/036-04.jpg
PKM-20260915-036,Water,Pokemon FireRed LeafGreen Magikarp 67/112 EX 2004,36,5,5,IMG_7371.HEIC,individuals/20260915/036-05.jpg,https://raw.githubusercontent.com/chandlersimon/pokemon-ebay-images/main/individuals/20260915/036-05.jpg
PKM-20260915-037,Water,Pokemon Neo Genesis Seadra 48/111 WOTC 2000,37,1,5,IMG_7372.HEIC,individuals/20260915/037-01.jpg,https://raw.githubusercontent.com/chandlersimon/pokemon-ebay-images/main/individuals/20260915/037-01.jpg
PKM-20260915-037,Water,Pokemon Neo Genesis Seadra 48/111 WOTC 2000,37,2,5,IMG_7373.HEIC,individuals/20260915/037-02.jpg,https://raw.githubusercontent.com/chandlersimon/pokemon-ebay-images/main/individuals/20260915/037-02.jpg
PKM-20260915-037,Water,Pokemon Neo Genesis Seadra 48/111 WOTC 2000,37,3,5,IMG_7374.HEIC,individuals/20260915/037-03.jpg,https://raw.githubusercontent.com/chandlersimon/pokemon-ebay-images/main/individuals/20260915/037-03.jpg
PKM-20260915-037,Water,Pokemon Neo Genesis Seadra 48/111 WOTC 2000,37,4,5,IMG_7375.HEIC,individuals/20260915/037-04.jpg,https://raw.githubusercontent.com/chandlersimon/pokemon-ebay-images/main/individuals/20260915/037-04.jpg
PKM-20260915-037,Water,Pokemon Neo Genesis Seadra 48/111 WOTC 2000,37,5,5,IMG_7376.HEIC,individuals/20260915/037-05.jpg,https://raw.githubusercontent.com/chandlersimon/pokemon-ebay-images/main/individuals/20260915/037-05.jpg
PKM-20260915-038,Water,Pokemon Gym Challenge Misty's Poliwag 89/132 WOTC 2000,38,1,5,IMG_7377.HEIC,individuals/20260915/038-01.jpg,https://raw.githubusercontent.com/chandlersimon/pokemon-ebay-images/main/individuals/20260915/038-01.jpg
PKM-20260915-038,Water,Pokemon Gym Challenge Misty's Poliwag 89/132 WOTC 2000,38,2,5,IMG_7378.HEIC,individuals/20260915/038-02.jpg,https://raw.githubusercontent.com/chandlersimon/pokemon-ebay-images/main/individuals/20260915/038-02.jpg
PKM-20260915-038,Water,Pokemon Gym Challenge Misty's Poliwag 89/132 WOTC 2000,38,3,5,IMG_7379.HEIC,individuals/20260915/038-03.jpg,https://raw.githubusercontent.com/chandlersimon/pokemon-ebay-images/main/individuals/20260915/038-03.jpg
PKM-20260915-038,Water,Pokemon Gym Challenge Misty's Poliwag 89/132 WOTC 2000,38,4,5,IMG_7380.HEIC,individuals/20260915/038-04.jpg,https://raw.githubusercontent.com/chandlersimon/pokemon-ebay-images/main/individuals/20260915/038-04.jpg
PKM-20260915-038,Water,Pokemon Gym Challenge Misty's Poliwag 89/132 WOTC 2000,38,5,5,IMG_7381.HEIC,individuals/20260915/038-05.jpg,https://raw.githubusercontent.com/chandlersimon/pokemon-ebay-images/main/individuals/20260915/038-05.jpg
PKM-20260915-039,Water,Pokemon Gym Heroes Misty's Starmie 56/132 WOTC 2000,39,1,5,IMG_7382.HEIC,individuals/20260915/039-01.jpg,https://raw.githubusercontent.com/chandlersimon/pokemon-ebay-images/main/individuals/20260915/039-01.jpg
PKM-20260915-039,Water,Pokemon Gym Heroes Misty's Starmie 56/132 WOTC 2000,39,2,5,IMG_7383.HEIC,individuals/20260915/039-02.jpg,https://raw.githubusercontent.com/chandlersimon/pokemon-ebay-images/main/individuals/20260915/039-02.jpg
PKM-20260915-039,Water,Pokemon Gym Heroes Misty's Starmie 56/132 WOTC 2000,39,3,5,IMG_7384.HEIC,individuals/20260915/039-03.jpg,https://raw.githubusercontent.com/chandlersimon/pokemon-ebay-images/main/individuals/20260915/039-03.jpg
PKM-20260915-039,Water,Pokemon Gym Heroes Misty's Starmie 56/132 WOTC 2000,39,4,5,IMG_7385.HEIC,individuals/20260915/039-04.jpg,https://raw.githubusercontent.com/chandlersimon/pokemon-ebay-images/main/individuals/20260915/039-04.jpg
PKM-20260915-039,Water,Pokemon Gym Heroes Misty's Starmie 56/132 WOTC 2000,39,5,5,IMG_7386.HEIC,individuals/20260915/039-05.jpg,https://raw.githubusercontent.com/chandlersimon/pokemon-ebay-images/main/individuals/20260915/039-05.jpg
PKM-20260915-040,Water,Pokemon Base Set Dewgong 25/102 WOTC 1999,40,1,5,IMG_7387.HEIC,individuals/20260915/040-01.jpg,https://raw.githubusercontent.com/chandlersimon/pokemon-ebay-images/main/individuals/20260915/040-01.jpg
PKM-20260915-040,Water,Pokemon Base Set Dewgong 25/102 WOTC 1999,40,2,5,IMG_7388.HEIC,individuals/20260915/040-02.jpg,https://raw.githubusercontent.com/chandlersimon/pokemon-ebay-images/main/individuals/20260915/040-02.jpg
PKM-20260915-040,Water,Pokemon Base Set Dewgong 25/102 WOTC 1999,40,3,5,IMG_7389.HEIC,individuals/20260915/040-03.jpg,https://raw.githubusercontent.com/chandlersimon/pokemon-ebay-images/main/individuals/20260915/040-03.jpg
PKM-20260915-040,Water,Pokemon Base Set Dewgong 25/102 WOTC 1999,40,4,5,IMG_7390.HEIC,individuals/20260915/040-04.jpg,https://raw.githubusercontent.com/chandlersimon/pokemon-ebay-images/main/individuals/20260915/040-04.jpg
PKM-20260915-040,Water,Pokemon Base Set Dewgong 25/102 WOTC 1999,40,5,5,IMG_7391.HEIC,individuals/20260915/040-05.jpg,https://raw.githubusercontent.com/chandlersimon/pokemon-ebay-images/main/individuals/20260915/040-05.jpg
PKM-20260915-041,Water,Pokemon Diamond Pearl Azumarill 18/130 2007,41,1,5,IMG_7392.HEIC,individuals/20260915/041-01.jpg,https://raw.githubusercontent.com/chandlersimon/pokemon-ebay-images/main/individuals/20260915/041-01.jpg
PKM-20260915-041,Water,Pokemon Diamond Pearl Azumarill 18/130 2007,41,2,5,IMG_7393.HEIC,individuals/20260915/041-02.jpg,https://raw.githubusercontent.com/chandlersimon/pokemon-ebay-images/main/individuals/20260915/041-02.jpg
PKM-20260915-041,Water,Pokemon Diamond Pearl Azumarill 18/130 2007,41,3,5,IMG_7394.HEIC,individuals/20260915/041-03.jpg,https://raw.githubusercontent.com/chandlersimon/pokemon-ebay-images/main/individuals/20260915/041-03.jpg
PKM-20260915-041,Water,Pokemon Diamond Pearl Azumarill 18/130 2007,41,4,5,IMG_7395.HEIC,individuals/20260915/041-04.jpg,https://raw.githubusercontent.com/chandlersimon/pokemon-ebay-images/main/individuals/20260915/041-04.jpg
PKM-20260915-041,Water,Pokemon Diamond Pearl Azumarill 18/130 2007,41,5,5,IMG_7396.HEIC,individuals/20260915/041-05.jpg,https://raw.githubusercontent.com/chandlersimon/pokemon-ebay-images/main/individuals/20260915/041-05.jpg
PKM-20260915-042,Water,Pokemon FireRed LeafGreen Wartortle 50/112 EX 2004,42,1,5,IMG_7397.HEIC,individuals/20260915/042-01.jpg,https://raw.githubusercontent.com/chandlersimon/pokemon-ebay-images/main/individuals/20260915/042-01.jpg
PKM-20260915-042,Water,Pokemon FireRed LeafGreen Wartortle 50/112 EX 2004,42,2,5,IMG_7398.HEIC,individuals/20260915/042-02.jpg,https://raw.githubusercontent.com/chandlersimon/pokemon-ebay-images/main/individuals/20260915/042-02.jpg
PKM-20260915-042,Water,Pokemon FireRed LeafGreen Wartortle 50/112 EX 2004,42,3,5,IMG_7399.HEIC,individuals/20260915/042-03.jpg,https://raw.githubusercontent.com/chandlersimon/pokemon-ebay-images/main/individuals/20260915/042-03.jpg
PKM-20260915-042,Water,Pokemon FireRed LeafGreen Wartortle 50/112 EX 2004,42,4,5,IMG_7400.HEIC,individuals/20260915/042-04.jpg,https://raw.githubusercontent.com/chandlersimon/pokemon-ebay-images/main/individuals/20260915/042-04.jpg
PKM-20260915-042,Water,Pokemon FireRed LeafGreen Wartortle 50/112 EX 2004,42,5,5,IMG_7401.HEIC,individuals/20260915/042-05.jpg,https://raw.githubusercontent.com/chandlersimon/pokemon-ebay-images/main/individuals/20260915/042-05.jpg
PKM-20260915-043,Water,Pokemon Diamond Pearl Prinplup 58/130 2007,43,1,5,IMG_7402.HEIC,individuals/20260915/043-01.jpg,https://raw.githubusercontent.com/chandlersimon/pokemon-ebay-images/main/individuals/20260915/043-01.jpg
PKM-20260915-043,Water,Pokemon Diamond Pearl Prinplup 58/130 2007,43,2,5,IMG_7403.HEIC,individuals/20260915/043-02.jpg,https://raw.githubusercontent.com/chandlersimon/pokemon-ebay-images/main/individuals/20260915/043-02.jpg
PKM-20260915-043,Water,Pokemon Diamond Pearl Prinplup 58/130 2007,43,3,5,IMG_7404.HEIC,individuals/20260915/043-03.jpg,https://raw.githubusercontent.com/chandlersimon/pokemon-ebay-images/main/individuals/20260915/043-03.jpg
PKM-20260915-043,Water,Pokemon Diamond Pearl Prinplup 58/130 2007,43,4,5,IMG_7405.HEIC,individuals/20260915/043-04.jpg,https://raw.githubusercontent.com/chandlersimon/pokemon-ebay-images/main/individuals/20260915/043-04.jpg
PKM-20260915-043,Water,Pokemon Diamond Pearl Prinplup 58/130 2007,43,5,5,IMG_7406.HEIC,individuals/20260915/043-05.jpg,https://raw.githubusercontent.com/chandlersimon/pokemon-ebay-images/main/individuals/20260915/043-05.jpg
PKM-20260915-044,Water,Pokemon Neo Genesis Croconaw 32/111 WOTC 2000,44,1,5,IMG_7407.HEIC,individuals/20260915/044-01.jpg,https://raw.githubusercontent.com/chandlersimon/pokemon-ebay-images/main/individuals/20260915/044-01.jpg
PKM-20260915-044,Water,Pokemon Neo Genesis Croconaw 32/111 WOTC 2000,44,2,5,IMG_7408.HEIC,individuals/20260915/044-02.jpg,https://raw.githubusercontent.com/chandlersimon/pokemon-ebay-images/main/individuals/20260915/044-02.jpg
PKM-20260915-044,Water,Pokemon Neo Genesis Croconaw 32/111 WOTC 2000,44,3,5,IMG_7409.HEIC,individuals/20260915/044-03.jpg,https://raw.githubusercontent.com/chandlersimon/pokemon-ebay-images/main/individuals/20260915/044-03.jpg
PKM-20260915-044,Water,Pokemon Neo Genesis Croconaw 32/111 WOTC 2000,44,4,5,IMG_7410.HEIC,individuals/20260915/044-04.jpg,https://raw.githubusercontent.com/chandlersimon/pokemon-ebay-images/main/individuals/20260915/044-04.jpg
PKM-20260915-044,Water,Pokemon Neo Genesis Croconaw 32/111 WOTC 2000,44,5,5,IMG_7411.HEIC,individuals/20260915/044-05.jpg,https://raw.githubusercontent.com/chandlersimon/pokemon-ebay-images/main/individuals/20260915/044-05.jpg
PKM-20260915-045,Water,Pokemon Gym Challenge Misty's Staryu 92/132 WOTC 2000,45,1,5,IMG_7412.HEIC,individuals/20260915/045-01.jpg,https://raw.githubusercontent.com/chandlersimon/pokemon-ebay-images/main/individuals/20260915/045-01.jpg
PKM-20260915-045,Water,Pokemon Gym Challenge Misty's Staryu 92/132 WOTC 2000,45,2,5,IMG_7413.HEIC,individuals/20260915/045-02.jpg,https://raw.githubusercontent.com/chandlersimon/pokemon-ebay-images/main/individuals/20260915/045-02.jpg
PKM-20260915-045,Water,Pokemon Gym Challenge Misty's Staryu 92/132 WOTC 2000,45,3,5,IMG_7414.HEIC,individuals/20260915/045-03.jpg,https://raw.githubusercontent.com/chandlersimon/pokemon-ebay-images/main/individuals/20260915/045-03.jpg
PKM-20260915-045,Water,Pokemon Gym Challenge Misty's Staryu 92/132 WOTC 2000,45,4,5,IMG_7415.HEIC,individuals/20260915/045-04.jpg,https://raw.githubusercontent.com/chandlersimon/pokemon-ebay-images/main/individuals/20260915/045-04.jpg
PKM-20260915-045,Water,Pokemon Gym Challenge Misty's Staryu 92/132 WOTC 2000,45,5,5,IMG_7416.HEIC,individuals/20260915/045-05.jpg,https://raw.githubusercontent.com/chandlersimon/pokemon-ebay-images/main/individuals/20260915/045-05.jpg
PKM-20260915-046,Water,Pokemon EX Sandstorm Lotad 67/100 2003,46,1,5,IMG_7417.HEIC,individuals/20260915/046-01.jpg,https://raw.githubusercontent.com/chandlersimon/pokemon-ebay-images/main/individuals/20260915/046-01.jpg
PKM-20260915-046,Water,Pokemon EX Sandstorm Lotad 67/100 2003,46,2,5,IMG_7418.HEIC,individuals/20260915/046-02.jpg,https://raw.githubusercontent.com/chandlersimon/pokemon-ebay-images/main/individuals/20260915/046-02.jpg
PKM-20260915-046,Water,Pokemon EX Sandstorm Lotad 67/100 2003,46,3,5,IMG_7419.HEIC,individuals/20260915/046-03.jpg,https://raw.githubusercontent.com/chandlersimon/pokemon-ebay-images/main/individuals/20260915/046-03.jpg
PKM-20260915-046,Water,Pokemon EX Sandstorm Lotad 67/100 2003,46,4,5,IMG_7420.HEIC,individuals/20260915/046-04.jpg,https://raw.githubusercontent.com/chandlersimon/pokemon-ebay-images/main/individuals/20260915/046-04.jpg
PKM-20260915-046,Water,Pokemon EX Sandstorm Lotad 67/100 2003,46,5,5,IMG_7421.HEIC,individuals/20260915/046-05.jpg,https://raw.githubusercontent.com/chandlersimon/pokemon-ebay-images/main/individuals/20260915/046-05.jpg
PKM-20260915-047,Water,Pokemon FireRed LeafGreen Magikarp 67/112 EX 2004,47,1,5,IMG_7422.HEIC,individuals/20260915/047-01.jpg,https://raw.githubusercontent.com/chandlersimon/pokemon-ebay-images/main/individuals/20260915/047-01.jpg
PKM-20260915-047,Water,Pokemon FireRed LeafGreen Magikarp 67/112 EX 2004,47,2,5,IMG_7423.HEIC,individuals/20260915/047-02.jpg,https://raw.githubusercontent.com/chandlersimon/pokemon-ebay-images/main/individuals/20260915/047-02.jpg
PKM-20260915-047,Water,Pokemon FireRed LeafGreen Magikarp 67/112 EX 2004,47,3,5,IMG_7424.HEIC,individuals/20260915/047-03.jpg,https://raw.githubusercontent.com/chandlersimon/pokemon-ebay-images/main/individuals/20260915/047-03.jpg
PKM-20260915-047,Water,Pokemon FireRed LeafGreen Magikarp 67/112 EX 2004,47,4,5,IMG_7425.HEIC,individuals/20260915/047-04.jpg,https://raw.githubusercontent.com/chandlersimon/pokemon-ebay-images/main/individuals/20260915/047-04.jpg
PKM-20260915-047,Water,Pokemon FireRed LeafGreen Magikarp 67/112 EX 2004,47,5,5,IMG_7426.HEIC,individuals/20260915/047-05.jpg,https://raw.githubusercontent.com/chandlersimon/pokemon-ebay-images/main/individuals/20260915/047-05.jpg
PKM-20260915-048,Water,Pokemon Neo Revelation Seaking 37/64 WOTC 2001,48,1,5,IMG_7427.HEIC,individuals/20260915/048-01.jpg,https://raw.githubusercontent.com/chandlersimon/pokemon-ebay-images/main/individuals/20260915/048-01.jpg
PKM-20260915-048,Water,Pokemon Neo Revelation Seaking 37/64 WOTC 2001,48,2,5,IMG_7428.HEIC,individuals/20260915/048-02.jpg,https://raw.githubusercontent.com/chandlersimon/pokemon-ebay-images/main/individuals/20260915/048-02.jpg
PKM-20260915-048,Water,Pokemon Neo Revelation Seaking 37/64 WOTC 2001,48,3,5,IMG_7429.HEIC,individuals/20260915/048-03.jpg,https://raw.githubusercontent.com/chandlersimon/pokemon-ebay-images/main/individuals/20260915/048-03.jpg
PKM-20260915-048,Water,Pokemon Neo Revelation Seaking 37/64 WOTC 2001,48,4,5,IMG_7430.HEIC,individuals/20260915/048-04.jpg,https://raw.githubusercontent.com/chandlersimon/pokemon-ebay-images/main/individuals/20260915/048-04.jpg
PKM-20260915-048,Water,Pokemon Neo Revelation Seaking 37/64 WOTC 2001,48,5,5,IMG_7431.HEIC,individuals/20260915/048-05.jpg,https://raw.githubusercontent.com/chandlersimon/pokemon-ebay-images/main/individuals/20260915/048-05.jpg
PKM-20260915-049,Water,Pokemon Neo Discovery Corsola 37/75 WOTC 2001,49,1,5,IMG_7432.HEIC,individuals/20260915/049-01.jpg,https://raw.githubusercontent.com/chandlersimon/pokemon-ebay-images/main/individuals/20260915/049-01.jpg
PKM-20260915-049,Water,Pokemon Neo Discovery Corsola 37/75 WOTC 2001,49,2,5,IMG_7433.HEIC,individuals/20260915/049-02.jpg,https://raw.githubusercontent.com/chandlersimon/pokemon-ebay-images/main/individuals/20260915/049-02.jpg
PKM-20260915-049,Water,Pokemon Neo Discovery Corsola 37/75 WOTC 2001,49,3,5,IMG_7434.HEIC,individuals/20260915/049-03.jpg,https://raw.githubusercontent.com/chandlersimon/pokemon-ebay-images/main/individuals/20260915/049-03.jpg
PKM-20260915-049,Water,Pokemon Neo Discovery Corsola 37/75 WOTC 2001,49,4,5,IMG_7435.HEIC,individuals/20260915/049-04.jpg,https://raw.githubusercontent.com/chandlersimon/pokemon-ebay-images/main/individuals/20260915/049-04.jpg
PKM-20260915-049,Water,Pokemon Neo Discovery Corsola 37/75 WOTC 2001,49,5,5,IMG_7436.HEIC,individuals/20260915/049-05.jpg,https://raw.githubusercontent.com/chandlersimon/pokemon-ebay-images/main/individuals/20260915/049-05.jpg
PKM-20260915-050,Water,Pokemon Neo Revelation Octillery 34/64 WOTC 2001,50,1,5,IMG_7437.HEIC,individuals/20260915/050-01.jpg,https://raw.githubusercontent.com/chandlersimon/pokemon-ebay-images/main/individuals/20260915/050-01.jpg
PKM-20260915-050,Water,Pokemon Neo Revelation Octillery 34/64 WOTC 2001,50,2,5,IMG_7438.HEIC,individuals/20260915/050-02.jpg,https://raw.githubusercontent.com/chandlersimon/pokemon-ebay-images/main/individuals/20260915/050-02.jpg
PKM-20260915-050,Water,Pokemon Neo Revelation Octillery 34/64 WOTC 2001,50,3,5,IMG_7439.HEIC,individuals/20260915/050-03.jpg,https://raw.githubusercontent.com/chandlersimon/pokemon-ebay-images/main/individuals/20260915/050-03.jpg
PKM-20260915-050,Water,Pokemon Neo Revelation Octillery 34/64 WOTC 2001,50,4,5,IMG_7440.HEIC,individuals/20260915/050-04.jpg,https://raw.githubusercontent.com/chandlersimon/pokemon-ebay-images/main/individuals/20260915/050-04.jpg
PKM-20260915-050,Water,Pokemon Neo Revelation Octillery 34/64 WOTC 2001,50,5,5,IMG_7441.HEIC,individuals/20260915/050-05.jpg,https://raw.githubusercontent.com/chandlersimon/pokemon-ebay-images/main/individuals/20260915/050-05.jpg
PKM-20260915-051,Water,Pokemon Great Encounters Mudkip 80/106 2008,51,1,5,IMG_7442.HEIC,individuals/20260915/051-01.jpg,https://raw.githubusercontent.com/chandlersimon/pokemon-ebay-images/main/individuals/20260915/051-01.jpg
PKM-20260915-051,Water,Pokemon Great Encounters Mudkip 80/106 2008,51,2,5,IMG_7443.HEIC,individuals/20260915/051-02.jpg,https://raw.githubusercontent.com/chandlersimon/pokemon-ebay-images/main/individuals/20260915/051-02.jpg
PKM-20260915-051,Water,Pokemon Great Encounters Mudkip 80/106 2008,51,3,5,IMG_7444.HEIC,individuals/20260915/051-03.jpg,https://raw.githubusercontent.com/chandlersimon/pokemon-ebay-images/main/individuals/20260915/051-03.jpg
PKM-20260915-051,Water,Pokemon Great Encounters Mudkip 80/106 2008,51,4,5,IMG_7445.HEIC,individuals/20260915/051-04.jpg,https://raw.githubusercontent.com/chandlersimon/pokemon-ebay-images/main/individuals/20260915/051-04.jpg
PKM-20260915-051,Water,Pokemon Great Encounters Mudkip 80/106 2008,51,5,5,IMG_7446.HEIC,individuals/20260915/051-05.jpg,https://raw.githubusercontent.com/chandlersimon/pokemon-ebay-images/main/individuals/20260915/051-05.jpg
PKM-20260915-052,Water,Pokemon Base Set Dewgong 25/102 WOTC 1999,52,1,5,IMG_7447.HEIC,individuals/20260915/052-01.jpg,https://raw.githubusercontent.com/chandlersimon/pokemon-ebay-images/main/individuals/20260915/052-01.jpg
PKM-20260915-052,Water,Pokemon Base Set Dewgong 25/102 WOTC 1999,52,2,5,IMG_7448.HEIC,individuals/20260915/052-02.jpg,https://raw.githubusercontent.com/chandlersimon/pokemon-ebay-images/main/individuals/20260915/052-02.jpg
PKM-20260915-052,Water,Pokemon Base Set Dewgong 25/102 WOTC 1999,52,3,5,IMG_7449.HEIC,individuals/20260915/052-03.jpg,https://raw.githubusercontent.com/chandlersimon/pokemon-ebay-images/main/individuals/20260915/052-03.jpg
PKM-20260915-052,Water,Pokemon Base Set Dewgong 25/102 WOTC 1999,52,4,5,IMG_7450.HEIC,individuals/20260915/052-04.jpg,https://raw.githubusercontent.com/chandlersimon/pokemon-ebay-images/main/individuals/20260915/052-04.jpg
PKM-20260915-052,Water,Pokemon Base Set Dewgong 25/102 WOTC 1999,52,5,5,IMG_7451.HEIC,individuals/20260915/052-05.jpg,https://raw.githubusercontent.com/chandlersimon/pokemon-ebay-images/main/individuals/20260915/052-05.jpg
PKM-20260915-053,Water,Pokemon Ruby Sapphire Mudkip 59/109 EX 2003,53,1,5,IMG_7452.HEIC,individuals/20260915/053-01.jpg,https://raw.githubusercontent.com/chandlersimon/pokemon-ebay-images/main/individuals/20260915/053-01.jpg
PKM-20260915-053,Water,Pokemon Ruby Sapphire Mudkip 59/109 EX 2003,53,2,5,IMG_7453.HEIC,individuals/20260915/053-02.jpg,https://raw.githubusercontent.com/chandlersimon/pokemon-ebay-images/main/individuals/20260915/053-02.jpg
PKM-20260915-053,Water,Pokemon Ruby Sapphire Mudkip 59/109 EX 2003,53,3,5,IMG_7454.HEIC,individuals/20260915/053-03.jpg,https://raw.githubusercontent.com/chandlersimon/pokemon-ebay-images/main/individuals/20260915/053-03.jpg
PKM-20260915-053,Water,Pokemon Ruby Sapphire Mudkip 59/109 EX 2003,53,4,5,IMG_7455.HEIC,individuals/20260915/053-04.jpg,https://raw.githubusercontent.com/chandlersimon/pokemon-ebay-images/main/individuals/20260915/053-04.jpg
PKM-20260915-053,Water,Pokemon Ruby Sapphire Mudkip 59/109 EX 2003,53,5,5,IMG_7456.HEIC,individuals/20260915/053-05.jpg,https://raw.githubusercontent.com/chandlersimon/pokemon-ebay-images/main/individuals/20260915/053-05.jpg
PKM-20260915-054,Water,Pokemon EX Dragon Barboach 51/97 2003,54,1,5,IMG_7457.HEIC,individuals/20260915/054-01.jpg,https://raw.githubusercontent.com/chandlersimon/pokemon-ebay-images/main/individuals/20260915/054-01.jpg
PKM-20260915-054,Water,Pokemon EX Dragon Barboach 51/97 2003,54,2,5,IMG_7458.HEIC,individuals/20260915/054-02.jpg,https://raw.githubusercontent.com/chandlersimon/pokemon-ebay-images/main/individuals/20260915/054-02.jpg
PKM-20260915-054,Water,Pokemon EX Dragon Barboach 51/97 2003,54,3,5,IMG_7459.HEIC,individuals/20260915/054-03.jpg,https://raw.githubusercontent.com/chandlersimon/pokemon-ebay-images/main/individuals/20260915/054-03.jpg
PKM-20260915-054,Water,Pokemon EX Dragon Barboach 51/97 2003,54,4,5,IMG_7460.HEIC,individuals/20260915/054-04.jpg,https://raw.githubusercontent.com/chandlersimon/pokemon-ebay-images/main/individuals/20260915/054-04.jpg
PKM-20260915-054,Water,Pokemon EX Dragon Barboach 51/97 2003,54,5,5,IMG_7461.HEIC,individuals/20260915/054-05.jpg,https://raw.githubusercontent.com/chandlersimon/pokemon-ebay-images/main/individuals/20260915/054-05.jpg
PKM-20260915-055,Water,Pokemon Expedition Krabby 115/165 WOTC E-Reader 2002,55,1,5,IMG_7462.HEIC,individuals/20260915/055-01.jpg,https://raw.githubusercontent.com/chandlersimon/pokemon-ebay-images/main/individuals/20260915/055-01.jpg
PKM-20260915-055,Water,Pokemon Expedition Krabby 115/165 WOTC E-Reader 2002,55,2,5,IMG_7463.HEIC,individuals/20260915/055-02.jpg,https://raw.githubusercontent.com/chandlersimon/pokemon-ebay-images/main/individuals/20260915/055-02.jpg
PKM-20260915-055,Water,Pokemon Expedition Krabby 115/165 WOTC E-Reader 2002,55,3,5,IMG_7464.HEIC,individuals/20260915/055-03.jpg,https://raw.githubusercontent.com/chandlersimon/pokemon-ebay-images/main/individuals/20260915/055-03.jpg
PKM-20260915-055,Water,Pokemon Expedition Krabby 115/165 WOTC E-Reader 2002,55,4,5,IMG_7465.HEIC,individuals/20260915/055-04.jpg,https://raw.githubusercontent.com/chandlersimon/pokemon-ebay-images/main/individuals/20260915/055-04.jpg
PKM-20260915-055,Water,Pokemon Expedition Krabby 115/165 WOTC E-Reader 2002,55,5,5,IMG_7466.HEIC,individuals/20260915/055-05.jpg,https://raw.githubusercontent.com/chandlersimon/pokemon-ebay-images/main/individuals/20260915/055-05.jpg
PKM-20260915-056,Water,Pokemon EX Sandstorm Lombre 46/100 2003,56,1,5,IMG_7467.HEIC,individuals/20260915/056-01.jpg,https://raw.githubusercontent.com/chandlersimon/pokemon-ebay-images/main/individuals/20260915/056-01.jpg
PKM-20260915-056,Water,Pokemon EX Sandstorm Lombre 46/100 2003,56,2,5,IMG_7468.HEIC,individuals/20260915/056-02.jpg,https://raw.githubusercontent.com/chandlersimon/pokemon-ebay-images/main/individuals/20260915/056-02.jpg
PKM-20260915-056,Water,Pokemon EX Sandstorm Lombre 46/100 2003,56,3,5,IMG_7469.HEIC,individuals/20260915/056-03.jpg,https://raw.githubusercontent.com/chandlersimon/pokemon-ebay-images/main/individuals/20260915/056-03.jpg
PKM-20260915-056,Water,Pokemon EX Sandstorm Lombre 46/100 2003,56,4,5,IMG_7470.HEIC,individuals/20260915/056-04.jpg,https://raw.githubusercontent.com/chandlersimon/pokemon-ebay-images/main/individuals/20260915/056-04.jpg
PKM-20260915-056,Water,Pokemon EX Sandstorm Lombre 46/100 2003,56,5,5,IMG_7471.HEIC,individuals/20260915/056-05.jpg,https://raw.githubusercontent.com/chandlersimon/pokemon-ebay-images/main/individuals/20260915/056-05.jpg
PKM-20260915-057,Water,Pokemon Neo Genesis Croconaw 31/111 WOTC 2000,57,1,5,IMG_7472.HEIC,individuals/20260915/057-01.jpg,https://raw.githubusercontent.com/chandlersimon/pokemon-ebay-images/main/individuals/20260915/057-01.jpg
PKM-20260915-057,Water,Pokemon Neo Genesis Croconaw 31/111 WOTC 2000,57,2,5,IMG_7473.HEIC,individuals/20260915/057-02.jpg,https://raw.githubusercontent.com/chandlersimon/pokemon-ebay-images/main/individuals/20260915/057-02.jpg
PKM-20260915-057,Water,Pokemon Neo Genesis Croconaw 31/111 WOTC 2000,57,3,5,IMG_7474.HEIC,individuals/20260915/057-03.jpg,https://raw.githubusercontent.com/chandlersimon/pokemon-ebay-images/main/individuals/20260915/057-03.jpg
PKM-20260915-057,Water,Pokemon Neo Genesis Croconaw 31/111 WOTC 2000,57,4,5,IMG_7475.HEIC,individuals/20260915/057-04.jpg,https://raw.githubusercontent.com/chandlersimon/pokemon-ebay-images/main/individuals/20260915/057-04.jpg
PKM-20260915-057,Water,Pokemon Neo Genesis Croconaw 31/111 WOTC 2000,57,5,5,IMG_7476.HEIC,individuals/20260915/057-05.jpg,https://raw.githubusercontent.com/chandlersimon/pokemon-ebay-images/main/individuals/20260915/057-05.jpg
PKM-20260915-058,Water,Pokemon Gym Heroes Misty's Seaking 55/132 WOTC 2000,58,1,5,IMG_7477.HEIC,individuals/20260915/058-01.jpg,https://raw.githubusercontent.com/chandlersimon/pokemon-ebay-images/main/individuals/20260915/058-01.jpg
PKM-20260915-058,Water,Pokemon Gym Heroes Misty's Seaking 55/132 WOTC 2000,58,2,5,IMG_7478.HEIC,individuals/20260915/058-02.jpg,https://raw.githubusercontent.com/chandlersimon/pokemon-ebay-images/main/individuals/20260915/058-02.jpg
PKM-20260915-058,Water,Pokemon Gym Heroes Misty's Seaking 55/132 WOTC 2000,58,3,5,IMG_7479.HEIC,individuals/20260915/058-03.jpg,https://raw.githubusercontent.com/chandlersimon/pokemon-ebay-images/main/individuals/20260915/058-03.jpg
PKM-20260915-058,Water,Pokemon Gym Heroes Misty's Seaking 55/132 WOTC 2000,58,4,5,IMG_7480.HEIC,individuals/20260915/058-04.jpg,https://raw.githubusercontent.com/chandlersimon/pokemon-ebay-images/main/individuals/20260915/058-04.jpg
PKM-20260915-058,Water,Pokemon Gym Heroes Misty's Seaking 55/132 WOTC 2000,58,5,5,IMG_7481.HEIC,individuals/20260915/058-05.jpg,https://raw.githubusercontent.com/chandlersimon/pokemon-ebay-images/main/individuals/20260915/058-05.jpg
PKM-20260915-059,Water,Pokemon Crystal Guardians Squirtle 63/100 EX 2006,59,1,5,IMG_7482.HEIC,individuals/20260915/059-01.jpg,https://raw.githubusercontent.com/chandlersimon/pokemon-ebay-images/main/individuals/20260915/059-01.jpg
PKM-20260915-059,Water,Pokemon Crystal Guardians Squirtle 63/100 EX 2006,59,2,5,IMG_7483.HEIC,individuals/20260915/059-02.jpg,https://raw.githubusercontent.com/chandlersimon/pokemon-ebay-images/main/individuals/20260915/059-02.jpg
PKM-20260915-059,Water,Pokemon Crystal Guardians Squirtle 63/100 EX 2006,59,3,5,IMG_7484.HEIC,individuals/20260915/059-03.jpg,https://raw.githubusercontent.com/chandlersimon/pokemon-ebay-images/main/individuals/20260915/059-03.jpg
PKM-20260915-059,Water,Pokemon Crystal Guardians Squirtle 63/100 EX 2006,59,4,5,IMG_7485.HEIC,individuals/20260915/059-04.jpg,https://raw.githubusercontent.com/chandlersimon/pokemon-ebay-images/main/individuals/20260915/059-04.jpg
PKM-20260915-059,Water,Pokemon Crystal Guardians Squirtle 63/100 EX 2006,59,5,5,IMG_7486.HEIC,individuals/20260915/059-05.jpg,https://raw.githubusercontent.com/chandlersimon/pokemon-ebay-images/main/individuals/20260915/059-05.jpg
PKM-20260915-060,Water,Pokemon Secret Wonders Wartortle 75/132 2007,60,1,5,IMG_7487.HEIC,individuals/20260915/060-01.jpg,https://raw.githubusercontent.com/chandlersimon/pokemon-ebay-images/main/individuals/20260915/060-01.jpg
PKM-20260915-060,Water,Pokemon Secret Wonders Wartortle 75/132 2007,60,2,5,IMG_7488.HEIC,individuals/20260915/060-02.jpg,https://raw.githubusercontent.com/chandlersimon/pokemon-ebay-images/main/individuals/20260915/060-02.jpg
PKM-20260915-060,Water,Pokemon Secret Wonders Wartortle 75/132 2007,60,3,5,IMG_7489.HEIC,individuals/20260915/060-03.jpg,https://raw.githubusercontent.com/chandlersimon/pokemon-ebay-images/main/individuals/20260915/060-03.jpg
PKM-20260915-060,Water,Pokemon Secret Wonders Wartortle 75/132 2007,60,4,5,IMG_7490.HEIC,individuals/20260915/060-04.jpg,https://raw.githubusercontent.com/chandlersimon/pokemon-ebay-images/main/individuals/20260915/060-04.jpg
PKM-20260915-060,Water,Pokemon Secret Wonders Wartortle 75/132 2007,60,5,5,IMG_7491.HEIC,individuals/20260915/060-05.jpg,https://raw.githubusercontent.com/chandlersimon/pokemon-ebay-images/main/individuals/20260915/060-05.jpg
PKM-20260915-061,Water,Pokemon Diamond Pearl Buizel 72/130 2007,61,1,5,IMG_7492.HEIC,individuals/20260915/061-01.jpg,https://raw.githubusercontent.com/chandlersimon/pokemon-ebay-images/main/individuals/20260915/061-01.jpg
PKM-20260915-061,Water,Pokemon Diamond Pearl Buizel 72/130 2007,61,2,5,IMG_7493.HEIC,individuals/20260915/061-02.jpg,https://raw.githubusercontent.com/chandlersimon/pokemon-ebay-images/main/individuals/20260915/061-02.jpg
PKM-20260915-061,Water,Pokemon Diamond Pearl Buizel 72/130 2007,61,3,5,IMG_7494.HEIC,individuals/20260915/061-03.jpg,https://raw.githubusercontent.com/chandlersimon/pokemon-ebay-images/main/individuals/20260915/061-03.jpg
PKM-20260915-061,Water,Pokemon Diamond Pearl Buizel 72/130 2007,61,4,5,IMG_7495.HEIC,individuals/20260915/061-04.jpg,https://raw.githubusercontent.com/chandlersimon/pokemon-ebay-images/main/individuals/20260915/061-04.jpg
PKM-20260915-061,Water,Pokemon Diamond Pearl Buizel 72/130 2007,61,5,5,IMG_7496.HEIC,individuals/20260915/061-05.jpg,https://raw.githubusercontent.com/chandlersimon/pokemon-ebay-images/main/individuals/20260915/061-05.jpg
PKM-20260915-062,Water,Pokemon Neo Discovery Poliwhirl 44/75 WOTC 2001,62,1,5,IMG_7497.HEIC,individuals/20260915/062-01.jpg,https://raw.githubusercontent.com/chandlersimon/pokemon-ebay-images/main/individuals/20260915/062-01.jpg
PKM-20260915-062,Water,Pokemon Neo Discovery Poliwhirl 44/75 WOTC 2001,62,2,5,IMG_7498.HEIC,individuals/20260915/062-02.jpg,https://raw.githubusercontent.com/chandlersimon/pokemon-ebay-images/main/individuals/20260915/062-02.jpg
PKM-20260915-062,Water,Pokemon Neo Discovery Poliwhirl 44/75 WOTC 2001,62,3,5,IMG_7499.HEIC,individuals/20260915/062-03.jpg,https://raw.githubusercontent.com/chandlersimon/pokemon-ebay-images/main/individuals/20260915/062-03.jpg
PKM-20260915-062,Water,Pokemon Neo Discovery Poliwhirl 44/75 WOTC 2001,62,4,5,IMG_7500.HEIC,individuals/20260915/062-04.jpg,https://raw.githubusercontent.com/chandlersimon/pokemon-ebay-images/main/individuals/20260915/062-04.jpg
PKM-20260915-062,Water,Pokemon Neo Discovery Poliwhirl 44/75 WOTC 2001,62,5,5,IMG_7501.HEIC,individuals/20260915/062-05.jpg,https://raw.githubusercontent.com/chandlersimon/pokemon-ebay-images/main/individuals/20260915/062-05.jpg
PKM-20260915-063,Water,Pokemon Ruby Sapphire Swampert 23/109 EX 2003,63,1,5,IMG_7502.HEIC,individuals/20260915/063-01.jpg,https://raw.githubusercontent.com/chandlersimon/pokemon-ebay-images/main/individuals/20260915/063-01.jpg
PKM-20260915-063,Water,Pokemon Ruby Sapphire Swampert 23/109 EX 2003,63,2,5,IMG_7503.HEIC,individuals/20260915/063-02.jpg,https://raw.githubusercontent.com/chandlersimon/pokemon-ebay-images/main/individuals/20260915/063-02.jpg
PKM-20260915-063,Water,Pokemon Ruby Sapphire Swampert 23/109 EX 2003,63,3,5,IMG_7504.HEIC,individuals/20260915/063-03.jpg,https://raw.githubusercontent.com/chandlersimon/pokemon-ebay-images/main/individuals/20260915/063-03.jpg
PKM-20260915-063,Water,Pokemon Ruby Sapphire Swampert 23/109 EX 2003,63,4,5,IMG_7505.HEIC,individuals/20260915/063-04.jpg,https://raw.githubusercontent.com/chandlersimon/pokemon-ebay-images/main/individuals/20260915/063-04.jpg
PKM-20260915-063,Water,Pokemon Ruby Sapphire Swampert 23/109 EX 2003,63,5,5,IMG_7506.HEIC,individuals/20260915/063-05.jpg,https://raw.githubusercontent.com/chandlersimon/pokemon-ebay-images/main/individuals/20260915/063-05.jpg
PKM-20260915-064,Water,Pokemon Neo Discovery Kabuto 56/75 WOTC 2001,64,1,5,IMG_7507.HEIC,individuals/20260915/064-01.jpg,https://raw.githubusercontent.com/chandlersimon/pokemon-ebay-images/main/individuals/20260915/064-01.jpg
PKM-20260915-064,Water,Pokemon Neo Discovery Kabuto 56/75 WOTC 2001,64,2,5,IMG_7508.HEIC,individuals/20260915/064-02.jpg,https://raw.githubusercontent.com/chandlersimon/pokemon-ebay-images/main/individuals/20260915/064-02.jpg
PKM-20260915-064,Water,Pokemon Neo Discovery Kabuto 56/75 WOTC 2001,64,3,5,IMG_7509.HEIC,individuals/20260915/064-03.jpg,https://raw.githubusercontent.com/chandlersimon/pokemon-ebay-images/main/individuals/20260915/064-03.jpg
PKM-20260915-064,Water,Pokemon Neo Discovery Kabuto 56/75 WOTC 2001,64,4,5,IMG_7510.HEIC,individuals/20260915/064-04.jpg,https://raw.githubusercontent.com/chandlersimon/pokemon-ebay-images/main/individuals/20260915/064-04.jpg
PKM-20260915-064,Water,Pokemon Neo Discovery Kabuto 56/75 WOTC 2001,64,5,5,IMG_7511.HEIC,individuals/20260915/064-05.jpg,https://raw.githubusercontent.com/chandlersimon/pokemon-ebay-images/main/individuals/20260915/064-05.jpg
